time (s),X (g),Y (g),Z (g),acceleration (g)
0.0,-0.01,0.3,0.91,0.9582745948717823
0.01,-0.02,0.32,0.91,0.9648315915225828
0.02,-0.02,0.31,0.91,0.9615612304996495
0.03,-0.01,0.31,0.91,0.961405221537724
0.04,-0.01,0.31,0.91,0.961405221537724
0.05,-0.01,0.32,0.92,0.9741149829460586
0.06,-0.01,0.325,0.93,0.9852143317682487
0.07,-0.02,0.31,0.92,0.9710303805751909
0.08,-0.02,0.29,0.91,0.9553009996854395
0.09,-0.01,0.36,0.9,0.9693812459502195
0.1,0.01,0.34,0.91,0.9714936952960632
0.11,-0.02,0.32,0.92,0.974268956705488
0.12,-0.02,0.31,0.92,0.9710303805751909
0.13,-0.015,0.31,0.91,0.9616701275439112
0.14,-0.03,0.31,0.91,0.9618211892030659
0.15,-0.01,0.31,0.91,0.961405221537724
0.16,-0.01,0.31,0.91,0.961405221537724
0.17,-0.02,0.32,0.91,0.9648315915225828
0.18,-0.01,0.31,0.91,0.961405221537724
0.19,-0.01,0.32,0.91,0.9646761114488117
0.2,-0.01,0.33,0.92,0.9774456506629922
0.21,-0.18,0.53,0.97,1.1199107107265294
0.22,0.06,0.3,0.98,1.0266450214168479
0.23,-0.03,0.36,0.96,1.0257192598367255
0.24,-0.02,0.3,0.96,1.0059821071967434
0.25,-0.01,0.26,0.94,0.9753460924205315
0.26,-0.02,0.265,0.935,0.9721218156671899
0.27,-0.02,0.3,0.95,0.9964436762808021
0.28,-0.04,0.25,0.95,0.9831581764904364
0.29,-0.02,0.29,0.95,0.9934787365615834
0.3,-0.02,0.29,0.93,0.9743715923609433
0.31,-0.02,0.27,0.93,0.9686072475467031
0.32,-0.01,0.29,0.9,0.9456214887575262
0.33,-0.01,0.28500000000000003,0.895,0.9393558737789245
0.34,-0.01,0.29,0.89,0.9361089680160104
0.35,-0.02,0.29,0.91,0.9553009996854395
0.36,-0.01,0.29,0.91,0.9551439682058407
0.37,0.0,0.28,0.91,0.9521029356114811
0.38,0.0,0.31,0.89,0.942443632266673
0.39,-0.02,0.3,0.9,0.9488940931421167
0.4,-0.01,0.315,0.9199999999999999,0.9725145653850009
0.41,-0.01,0.31,0.95,0.9993497886125758
0.42,-0.02,0.29,0.95,0.9934787365615834
0.43,-0.02,0.29,0.95,0.9934787365615834
0.44,0.0,0.25,0.93,0.9630160954002794
0.45,0.0,0.28,0.93,0.9712363255150623
0.46,-0.005,0.27,0.93,0.9684741003592223
0.47,0.0,0.23,0.92,0.9483142938920619
0.48,-0.03,0.27,0.93,0.9688653157173086
0.49,0.01,0.33,0.91,0.968039255402383
0.5,0.04,0.34,0.9,0.9629122493768578
0.51,-0.05,0.29,0.92,0.96591925128346
0.52,-0.03,0.29,0.91,0.9555626614722867
0.53,-0.005,0.29,0.9299999999999999,0.9758101904135906
0.54,-0.04,0.28,0.93,0.97205966895042
0.55,0.02,0.29,0.93,0.9743715923609433
0.56,-0.03,0.25,0.93,0.9634832639957999
0.57,-0.01,0.25,0.93,0.9630680142129112
0.58,0.0,0.25,0.93,0.9630160954002794
0.59,-0.04,0.24,0.93,0.9613012014972208
0.6,-0.005,0.295,0.92,0.969404158190363
0.61,-0.06,0.31,0.92,0.9726767191621274
0.62,-0.01,0.32,0.91,0.9646761114488117
0.63,-0.05,0.32,0.91,0.96591925128346
0.64,-0.03,0.3,0.92,0.9681425514871248
0.65,-0.03,0.28,0.93,0.9716995420396164
0.66,-0.025,0.305,0.925,0.9743403123916052
0.67,-0.02,0.32,0.91,0.9648315915225828
0.68,-0.03,0.29,0.91,0.9555626614722867
0.69,-0.02,0.32,0.91,0.9648315915225828
0.7,-0.01,0.32,0.91,0.9646761114488117
0.71,-0.02,0.37,0.93,1.0010993956645864
0.72,-0.02,0.36,0.94,1.0067770358922574
0.73,-0.015,0.345,0.94,1.001447594917014
0.74,0.01,0.33,0.93,0.9868637190615531
0.75,0.01,0.29,0.94,0.9837682653958706
0.76,0.0,0.28,0.92,0.9616652224137047
0.77,0.0,0.25,0.92,0.9533624704172071
0.78,-0.01,0.24,0.93,0.9605206921248496
0.79,-0.01,0.26,0.93,0.9657121724406295
0.8,-0.01,0.27,0.915,0.9545346313763923
0.81,0.0,0.33,0.89,0.9492101980067429
0.82,0.0,0.34,0.88,0.9433981132056604
0.83,-0.01,0.35,0.88,0.9471008394041259
0.84,0.0,0.4,0.89,0.9757561170702441
0.85,0.0,0.39,0.89,0.9716995420396163
0.86,0.0,0.38,0.91,0.9861973194908666
0.87,0.01,0.33,0.93,0.9868637190615531
0.88,0.01,0.3,0.94,0.9867623827447011
0.89,0.0,0.32,0.93,0.98351410767716
0.9,0.0,0.3,0.93,0.9771898484941399
0.91,0.0,0.28,0.94,0.9808159868191383
0.92,0.0,0.26,0.95,0.9849365461794988
0.93,-0.005,0.265,0.935,0.9718601761827608
0.94,-0.02,0.27,0.94,0.9782126558167197
0.95,-0.01,0.32,0.93,0.9835649444749442
0.96,-0.02,0.35,0.92,0.9845303448853164
0.97,0.04,0.3,0.9,0.9495261976375375
0.98,-0.02,0.37,0.9,0.9732933781753578
0.99,-0.02,0.4,0.89,0.9759610647971568
1.0,-0.005,0.385,0.915,0.9927450525722659
1.01,-0.01,0.35,0.92,0.9843779761859771
1.02,-0.01,0.35,0.92,0.9843779761859771
1.03,-0.01,0.33,0.92,0.9774456506629922
1.04,-0.01,0.33,0.93,0.9868637190615531
1.05,-0.01,0.32,0.93,0.9835649444749442
1.06,0.0,0.3,0.92,0.9676776322722356
1.07,0.005,0.295,0.905,0.9519138099280724
1.08,0.0,0.34,0.88,0.9433981132056604
1.09,-0.02,0.4,0.88,0.9668505572217456
1.1,-0.02,0.42,0.88,0.9752948272189287
1.11,-0.03,0.44,0.89,0.9932774033471213
1.12,-0.01,0.44,0.9,1.0018482919085105
1.13,0.0,0.42,0.89,0.9841239759298622
1.14,0.01,0.39,0.89,0.9717509969122748
1.15,0.005,0.375,0.905,0.9796645059531581
1.16,0.0,0.38,0.91,0.986154146165801
1.17,0.01,0.37,0.9,0.9731392500562291
1.18,-0.01,0.37,0.89,0.9638983348880732
1.19,-0.01,0.36,0.88,0.9508417323613851
1.2,-0.01,0.37,0.88,0.9546727187890099
1.21,-0.01,0.4,0.88,0.9666954018717582
1.22,-0.01,0.41,0.89,0.9799489782636644
1.23,-0.015,0.4,0.9,0.9850126873307395
1.24,-0.02,0.4,0.91,0.9942333730065593
1.25,-0.03,0.4,0.93,1.0128178513434685
1.26,-0.03,0.4,0.93,1.0128178513434685
1.27,-0.02,0.39,0.91,0.9902524930541706
1.28,-0.01,0.36,0.9,0.9693812459502195
1.29,-0.01,0.34,0.88,0.9434511116109833
1.3,-0.02,0.38,0.885,0.9634176283197743
1.31,-0.05,0.41,0.91,0.9993497886125758
1.32,-0.03,0.41,0.91,0.9985489472229191
1.33,-0.04,0.43,0.92,1.016316879718132
1.34,-0.03,0.43,0.92,1.0159724405711013
1.35,0.04,0.24,0.94,0.9709788875150684
1.36,0.11,0.6,0.85,1.046231331972045
1.37,0.0,0.54,0.86,1.0154801819828883
1.38,-0.030000000000000002,0.41000000000000003,0.86,0.954687679730742
1.39,-0.06,0.49,0.86,0.9916148445843275
1.4,-0.08,0.46,0.87,0.9873702446397704
1.41,-0.1,0.46,0.87,0.9891915891272024
1.42,-0.06,0.42,0.87,0.9679359482941007
1.43,-0.04,0.48,0.86,0.9856977224281285
1.44,-0.04,0.43,0.85,0.9534149149242421
1.45,-0.02,0.41,0.86,0.9529428104561154
1.46,-0.02,0.39,0.87,0.9549199376506645
1.47,-0.03,0.39,0.88,0.9630160954002794
1.48,-0.02,0.33,0.88,0.9400531899844816
1.49,-0.02,0.38,0.87,0.9495788540189803
1.5,-0.02,0.39,0.87,0.9536246641105713
1.51,-0.03,0.41,0.87,0.9622369770487933
1.52,-0.03,0.43,0.88,0.9798979538707079
1.53,-0.025,0.41000000000000003,0.87,0.96214900990424
1.54,-0.02,0.42,0.86,0.9572878355019455
1.55,-0.02,0.46,0.84,0.9579144011862437
1.56,-0.02,0.44,0.83,0.9396275858019495
1.57,-0.03,0.49,0.81,0.9471536306217699
1.58,-0.02,0.45,0.81,0.9268225288586808
1.59,-0.04,0.47,0.82,0.9459915433025814
1.6,-0.04,0.46,0.87,0.9849365461794988
1.61,-0.04,0.5,0.875,1.0086265848794835
1.62,-0.01,0.51,0.85,0.991312261600753
1.63,0.0,0.55,0.82,0.9873702446397703
1.64,0.01,0.54,0.81,0.9735502041497399
1.65,0.0,0.52,0.81,0.9625487000666513
1.66,-0.01,0.52,0.85,0.9964938534682489
1.67,-0.02,0.5,0.84,0.9777525249264253
1.68,-0.01,0.49,0.85,0.981172767661231
1.69,-0.02,0.47,0.855,0.9759353515256333
1.7,-0.02,0.45,0.87,0.9796938297243685
1.71,-0.02,0.46,0.88,0.9931767214348108
1.72,-0.03,0.44,0.89,0.9932774033471213
1.73,-0.03,0.41,0.91,0.9985489472229191
1.74,-0.03,0.41,0.91,0.9985489472229191
1.75,-0.03,0.43,0.91,1.0069260151570223
1.76,-0.035,0.415,0.925,1.01444766799139
1.77,-0.05,0.47,0.93,1.0432161808561062
1.78,-0.01,0.48,0.93,1.0466135867644755
1.79,-0.04,0.47,0.92,1.0338762014864256
1.8,-0.02,0.51,0.91,1.0433599570617995
1.81,-0.02,0.49,0.92,1.042544963059148
1.82,-0.02,0.49,0.91,1.0337311062360464
1.83,0.0,0.51,0.9,1.034456378974
1.84,0.005,0.475,0.875,0.9956447281561507
1.85,-0.01,0.49,0.82,0.9553009996854394
1.86,0.0,0.38,0.81,0.8947066558375433
1.87,-0.06,0.46,0.82,0.9421252570651102
1.88,-0.06,0.58,0.82,1.0061808982484213
1.89,0.04,0.46,0.8,0.9236882591004393
1.9,0.02,0.29,0.78,0.8324061508662703
1.91,-0.02,0.37,0.77,0.8545174076635302
1.92,-0.02,0.52,0.79,0.9488001772550172
1.93,0.01,0.42,0.79,0.8947625383307015
1.94,-0.01,0.4,0.79,0.8855506761332184
1.95,-0.04,0.49,0.79,0.9304837451562494
1.96,0.03,0.41,0.8,0.8994442728707545
1.97,-0.01,0.39,0.8,0.8900561780022652
1.98,-0.02,0.41,0.82,0.91700599779936
1.99,-0.01,0.48,0.85,0.9762171889492623
2.0,0.005,0.415,0.87,0.9639478602446715
2.01,0.0,0.52,0.88,1.022154587134451
2.02,0.02,0.54,0.89,1.0412012293500235
2.03,0.02,0.49,0.89,1.0161692772368194
2.04,0.02,0.53,0.88,1.0274726273726225
2.05,0.02,0.54,0.88,1.032666451474047
2.06,0.015,0.48,0.855,0.9806696408053523
2.07,0.0,0.57,0.84,1.0151354589413177
2.08,0.0,0.57,0.83,1.00687635785135
2.09,0.0,0.49,0.83,0.9638464608017192
2.1,-0.03,0.52,0.83,0.9798979538707079
2.11,-0.03,0.56,0.84,1.01
2.12,-0.02,0.54,0.85,1.0072239075796403
2.13,-0.025,0.5,0.86,0.9951512459021165
2.14,0.0,0.53,0.85,1.0016985574512924
2.15,-0.01,0.5,0.84,0.9775990998359194
2.16,0.0,0.47,0.83,0.9538343671728337
2.17,0.0,0.48,0.83,0.9588013350011565
2.18,0.0,0.5,0.83,0.9689685237405805
2.19,0.0,0.47,0.84,0.9625487000666512
2.2,0.0,0.495,0.835,0.9708701221889389
2.21,-0.01,0.49,0.82,0.9553009996854394
2.22,0.01,0.48,0.81,0.9415943925066674
2.23,0.01,0.49,0.8,0.9381897462667134
2.24,0.01,0.5,0.8,0.9434511116109833
2.25,0.0,0.46,0.8,0.9228217596047463
2.26,0.0,0.47,0.81,0.9366425581859696
2.27,0.0,0.47,0.81,0.9364827814754525
2.28,-0.01,0.46,0.8,0.922875939658197
2.29,-0.02,0.47,0.81,0.9366963221877196
2.3,0.01,0.53,0.82,0.9764220398987314
2.31,-0.01,0.51,0.84,0.9827512401416748
2.32,0.01,0.5,0.85,0.9862048468751307
2.33,0.01,0.505,0.84,0.9803822994774809
2.34,0.0,0.49,0.82,0.9552486587271399
2.35,0.15,0.51,0.83,0.9856469956328179
2.36,-0.05,0.47,0.81,0.9378166132032425
2.37,-0.03,0.45,0.81,0.9270922284217467
2.38,0.01,0.49,0.82,0.9553009996854394
2.39,-0.02,0.49,0.82,0.9554580053565933
2.4,-0.005,0.505,0.835,0.9758602424398016
2.41,-0.01,0.52,0.85,0.9964938534682489
2.42,0.0,0.54,0.85,1.0070253224224304
2.43,0.02,0.55,0.85,1.0126203632161461
2.44,0.01,0.53,0.84,0.9932774033471213
2.45,0.0,0.51,0.83,0.9741663102366043
2.46,0.01,0.5,0.82,0.9604686356149272
2.47,0.0,0.5,0.81,0.9518928511129812
2.48,-0.01,0.5,0.81,0.951945376584182
2.49,-0.01,0.5,0.81,0.951945376584182
2.5,0.0,0.51,0.81,0.957183368012629
2.51,0.01,0.51,0.82,0.9657121724406293
2.52,-0.02,0.51,0.83,0.9743715923609432
2.53,-0.01,0.52,0.84,0.9880283344905638
2.54,0.0,0.52,0.84,0.9879271228182775
2.55,0.02,0.51,0.84,0.9829038610159184
2.56,0.0,0.51,0.83,0.9741663102366043
2.57,0.02,0.51,0.82,0.9658674857349738
2.58,0.01,0.51,0.82,0.9657121724406293
2.59,0.01,0.55,0.82,0.9874208829065749
2.6,0.005,0.545,0.81,0.9764892178627926
2.61,0.01,0.51,0.81,0.9572356031824141
2.62,-0.01,0.48,0.81,0.9415943925066674
2.63,0.0,0.5,0.81,0.9518928511129812
2.64,-0.01,0.52,0.81,0.9626006440887104
2.65,-0.01,0.53,0.8,0.9596874491208063
2.66,-0.01,0.535,0.795,0.958330923971213
2.67,0.0,0.54,0.79,0.9569221493935649
2.68,0.0,0.54,0.79,0.9569221493935649
2.69,-0.01,0.53,0.79,0.9513674369033239
2.7,-0.01,0.5,0.8,0.9434511116109833
2.71,-0.01,0.48,0.8,0.9330058949438638
2.72,-0.01,0.5,0.81,0.951945376584182
2.73,0.0,0.515,0.83,0.9768908103584328
2.74,0.01,0.53,0.82,0.9764220398987314
2.75,0.02,0.5,0.82,0.9606247966818262
2.76,0.0,0.52,0.81,0.9625487000666513
2.77,-0.01,0.5,0.82,0.9604686356149272
2.78,0.0,0.49,0.81,0.9466784036831093
2.79,-0.01,0.51,0.82,0.9657121724406293
2.8,-0.005,0.515,0.82,0.9685672995749786
2.81,-0.01,0.49,0.82,0.9553009996854394
2.82,0.0,0.56,0.84,1.009554357129917
2.83,-0.01,0.56,0.85,1.0179390944452424
2.84,-0.02,0.56,0.86,1.026450193628507
2.85,-0.02,0.54,0.86,1.0156771140475698
2.86,-0.01,0.515,0.84,0.9853557441455936
2.87,-0.01,0.5,0.83,0.9690201236300513
2.88,-0.03,0.47,0.83,0.9543060305792895
2.89,-0.02,0.46,0.83,0.9491575211733825
2.9,-0.02,0.45,0.84,0.9531526635329725
2.91,-0.02,0.46,0.85,0.9666954018717581
2.92,-0.01,0.45,0.86,0.9706698717895801
2.93,-0.025,0.45,0.885,0.9931672843548096
2.94,-0.01,0.5,0.88,1.0121758740456126
2.95,0.0,0.48,0.88,1.0023971268913334
2.96,-0.02,0.44,0.86,0.966229786334493
2.97,-0.05,0.53,0.83,0.9860527369263775
2.98,-0.04,0.48,0.82,0.9509994742374992
2.99,-0.02,0.42,0.81,0.912633551870629
3.0,-0.03,0.52,0.82,0.9720415932360362
3.01,-0.03,0.47,0.82,0.945621488757526
3.02,-0.04,0.47,0.82,0.9459915433025814
3.03,0.02,0.38,0.82,0.9039911503991618
3.04,-0.02,0.5,0.84,0.9777525249264253
3.05,-0.03,0.5,0.83,0.969432823871773
3.06,-0.01,0.43,0.83,0.9348261870529729
3.07,-0.03,0.45,0.83,0.9446692009102194
3.08,-0.03,0.44,0.82,0.931074647920348
3.09,-0.02,0.31,0.81,0.867525215771853
3.1,-0.01,0.36,0.83,0.9047651629014017
3.11,-0.02,0.4,0.84,0.9305912099305472
3.12,-0.02,0.45,0.84,0.9531526635329725
3.13,0.0,0.44,0.84,0.9482615672903758
3.14,-0.005000000000000001,0.45,0.87,0.9809316827833183
3.15,-0.01,0.48,0.89,1.011236866416568
3.16,-0.01,0.51,0.89,1.0258167477673583
3.17,-0.01,0.46,0.89,1.0018981984213766
3.18,-0.02,0.51,0.87,1.0086624807139404
3.19,-0.02,0.46,0.86,0.9754998718605759
3.2,-0.02,0.48,0.85,0.9763708311906906
3.21,-0.01,0.43,0.855,0.9573550209307056
3.22,-0.01,0.44,0.85,0.9571833680126289
3.23,-0.08,0.64,0.84,1.0590561835898982
3.24,-0.24,0.61,0.88,1.097314904665019
3.25,-0.1,0.77,0.96,1.2347064428438042
3.26,0.07,0.5,0.91,1.0406728592598158
3.27,0.13,0.27,0.83,0.8824397996464121
3.28,-0.039999999999999994,0.37,0.85,0.9420379915690924
3.29,-0.03,0.54,0.87,1.0244022647378324
3.3,0.03,0.34,0.86,0.9252567211320326
3.31,0.06,0.3,0.86,0.9127978965795221
3.32,-0.01,0.49,0.87,0.9985489472229191
3.33,-0.05,0.58,0.87,1.0468046618161384
3.34,-0.02,0.48,0.86,0.9850888284819801
3.35,-0.034999999999999996,0.375,0.895,0.9718257452239293
3.36,-0.02,0.5,0.93,1.0560776486603625
3.37,0.01,0.42,0.9,0.9932270636667127
3.38,0.0,0.34,0.86,0.9247702417357513
3.39,-0.02,0.37,0.86,0.9364293886887574
3.4,-0.04,0.49,0.89,1.0167595585978033
3.41,-0.03,0.51,0.9,1.0348912986396206
3.42,0.0,0.39,0.865,0.9488808481227891
3.43,-0.05,0.49,0.88,1.0084641788382966
3.44,-0.03,0.51,0.89,1.0262066068779718
3.45,-0.03,0.46,0.9,1.0111874208078342
3.46,0.0,0.4,0.88,0.9666436778875658
3.47,-0.01,0.46,0.88,0.9930256794262674
3.48,-0.05,0.55,0.86,1.0220567498920987
3.49,-0.03,0.51,0.86,1.000299955013495
3.5,-0.015,0.44,0.86,0.9663155009263499
3.51,-0.01,0.44,0.88,0.9839207285142436
3.52,-0.06,0.5,0.88,1.0139033484509261
3.53,-0.06,0.42,0.86,0.9589577675789481
3.54,-0.01,0.34,0.86,0.9248243076390239
3.55,0.0,0.37,0.86,0.9362157870918435
3.56,-0.01,0.43,0.87,0.9705153270299238
3.57,-0.02,0.405,0.855,0.9465527392320406
3.58,0.02,0.43,0.86,0.9617172141539321
3.59,0.0,0.5,0.87,1.0034440691936946
3.6,0.0,0.44,0.88,0.9838699100999074
3.61,-0.01,0.41,0.86,0.9527853903162034
3.62,0.0,0.44,0.85,0.9571311299921239
3.63,0.01,0.43,0.88,0.9794896630388704
3.64,-0.01,0.315,0.875,0.9313738027843645
3.65,-0.01,0.3,0.86,0.9108786966440701
3.66,0.01,0.33,0.87,0.9305374790947434
3.67,-0.04,0.44,0.87,0.9757561170702441
3.68,-0.03,0.46,0.87,0.9845811292118085
3.69,-0.02,0.47,0.88,0.9978476837674175
3.7,-0.03,0.51,0.89,1.0262066068779718
3.71,-0.025,0.495,0.895,1.023266731680962
3.72,-0.02,0.43,0.88,0.9796427920420789
3.73,-0.02,0.43,0.88,0.9796427920420789
3.74,-0.03,0.43,0.87,0.9709273917240155
3.75,-0.03,0.41,0.87,0.9622369770487933
3.76,-0.01,0.39,0.87,0.9534673565466203
3.77,-0.02,0.38,0.86,0.9404254356406998
3.78,-0.035,0.425,0.86,0.9600278384025718
3.79,-0.03,0.46,0.85,0.9669539802906858
3.8,-0.04,0.5,0.84,0.9783659846908006
3.81,-0.02,0.47,0.84,0.9627564593395361
3.82,-0.03,0.45,0.84,0.9534149149242421
3.83,-0.01,0.39,0.85,0.9352539762011172
3.84,-0.02,0.35,0.87,0.9379765455489812
3.85,-0.035,0.42500000000000004,0.88,0.9783983776523335
3.86,-0.04,0.46,0.86,0.9761147473529943
3.87,-0.04,0.49,0.83,0.9646761114488115
3.88,-0.02,0.44,0.83,0.9396275858019495
3.89,-0.06,0.52,0.84,0.9897474425326898
3.9,-0.03,0.49,0.84,0.9729337079164232
3.91,-0.03,0.45,0.85,0.9622369770487933
3.92,-0.02,0.46499999999999997,0.865,0.9823761816682168
3.93,-0.02,0.5,0.87,1.0036433629531958
3.94,-0.03,0.46,0.88,0.9934284070832684
3.95,-0.04,0.49,0.88,1.0080178569846865
3.96,-0.03,0.47,0.89,1.0069260151570223
3.97,-0.02,0.43,0.88,0.9796427920420789
3.98,-0.02,0.4,0.87,0.9577577981932593
3.99,-0.02,0.4,0.86,0.9486832980505138
4.0,-0.03,0.4,0.865,0.9534827867791937
4.01,-0.02,0.44,0.89,0.9930256794262674
4.02,-0.02,0.47,0.9,1.0155294185792947
4.03,-0.01,0.44,0.91,1.0108412338245805
4.04,-0.02,0.41,0.91,0.9982985525382675
4.05,-0.02,0.4,0.9,0.9850888284819802
4.06,-0.02,0.41,0.89,0.9801020355044673
4.07,-0.03,0.425,0.89,0.9867346969403875
4.08,-0.03,0.46,0.89,1.002297361066066
4.09,-0.04,0.47,0.89,1.0072735477515529
4.1,-0.04,0.45,0.89,0.9980981915623331
4.11,-0.04,0.45,0.88,0.9891915891272024
4.12,-0.04,0.47,0.87,0.9896464014990405
4.13,-0.06,0.49,0.86,0.9916148445843275
4.14,-0.05500000000000001,0.515,0.84,0.9870283498611654
4.15,-0.06,0.42,0.84,0.9410632284814873
4.16,-0.03,0.41,0.84,0.935200513259055
4.17,-0.04,-0.26,0.86,0.8993330862366846
4.18,-0.15,0.66,0.66,0.9453570753953239
4.19,-0.19,1.54,0.85,1.7692371237344076
4.2,0.03,0.66,0.87,1.0924284873619874
4.21,-0.02,0.235,0.8049999999999999,0.840154788599506
4.22,0.02,0.31,0.76,0.8210359310042405
4.23,0.0,0.42,0.8,0.9035485598461215
4.24,-0.03,0.45,0.85,0.9622369770487933
4.25,-0.02,0.42,0.87,0.9662815324738437
4.26,0.01,0.41,0.84,0.9347726996441433
4.27,0.0,0.44,0.82,0.9305912099305472
4.28,-0.025,0.525,0.8,0.9575495980265412
4.29,0.0,0.5,0.82,0.9604165762834375
4.3,0.0,0.46,0.85,0.9664884893261791
4.31,-0.01,0.41,0.87,0.9618211892030659
4.32,0.01,0.47,0.88,0.9976973488989535
4.33,0.02,0.44,0.88,0.9840731680114034
4.34,0.01,0.39,0.88,0.9626006440887104
4.35,0.005,0.355,0.89,0.9582257900191848
4.36,0.0,0.38,0.9,0.976933979345585
4.37,0.0,0.42,0.9,0.993176721434811
4.38,-0.01,0.45,0.91,1.0152339631828715
4.39,-0.02,0.45,0.91,1.015381701627521
4.4,-0.02,0.42,0.91,1.0024470060806208
4.41,-0.02,0.4,0.91,0.9942333730065593
4.42,-0.005,0.32499999999999996,0.895,0.9525413980841622
4.43,-0.01,0.34,0.87,0.9341306118525396
4.44,-0.02,0.32,0.85,0.9084602357836032
4.45,0.0,0.28,0.85,0.8949301648732151
4.46,-0.01,0.3,0.85,0.9014432871789549
4.47,-0.03,0.33,0.86,0.9216289925995167
4.48,-0.03,0.4,0.89,0.9762171889492625
4.49,-0.01,0.45,0.91,1.0152339631828715
4.5,-0.015,0.55,0.915,1.067796464394341
4.51,-0.01,0.56,0.93,1.0856334556377674
4.52,0.0,0.52,0.92,1.0567875850898325
4.53,0.01,0.38,0.92,0.9954396013822235
4.54,-0.03,0.47,0.92,1.0335376142163382
4.55,0.01,0.39,0.95,1.026985881110349
4.56,-0.01,0.33,0.96,1.0151847122568385
4.57,-0.005,0.315,0.955,1.0059524589184625
4.58,0.0,0.39,0.95,1.0269371937952194
4.59,0.01,0.45,0.94,1.0422091920531116
4.6,0.0,0.45,0.93,1.0331505214633538
4.61,0.01,0.44,0.91,1.0108412338245805
4.62,0.0,0.43,0.89,0.9884331034521254
4.63,0.0,0.44,0.88,0.9838699100999074
4.64,-0.005,0.45999999999999996,0.885,0.9974556025803188
4.65,-0.02,0.5,0.9,1.0297572529484802
4.66,-0.05,0.48,0.88,1.0036433629531956
4.67,-0.01,0.45,0.87,0.9795407086997456
4.68,-0.01,0.4,0.86,0.9485251709891519
4.69,-0.01,0.35,0.85,0.9192932067626737
4.7,-0.01,0.32,0.85,0.9082951062292475
4.71,-0.03,0.29,0.855,0.9033960115213158
4.72,-0.04,0.33,0.88,0.9406912352095134
4.73,-0.04,0.37,0.89,0.9646761114488116
4.74,-0.05,0.46,0.9,1.0119782606360672
4.75,-0.05,0.51,0.9,1.0356640381899913
4.76,-0.02,0.5,0.89,1.0210288928331068
4.77,-0.02,0.45,0.88,0.9885848471426214
4.78,0.0,0.37,0.86,0.9367271272246852
4.79,0.03,0.28,0.84,0.8859458222713169
4.8,0.0,0.29,0.84,0.8886506625215557
4.81,-0.03,0.29,0.82,0.8702873088813831
4.82,-0.03,0.33,0.82,0.8844207143661889
4.83,0.01,0.38,0.78,0.8676981041814025
4.84,0.0,0.42,0.82,0.9213034245024816
4.85,-0.085,0.44000000000000006,0.88,0.9969508162675215
4.86,0.08,0.33,0.81,0.8782938005018595
4.87,0.06,0.31,0.86,0.9161331780914824
4.88,-0.03,0.25,0.87,0.9057041459549581
4.89,-0.02,0.26,0.92,0.9562426470305537
4.9,0.02,0.23,0.93,0.9582275303913993
4.91,0.02,0.19,0.91,0.9298386956886662
4.92,-0.005,0.33999999999999997,0.925,0.9862837982206847
4.93,-0.01,0.4,0.92,1.0032447358446492
4.94,-0.03,0.48,0.94,1.0558882516630252
4.95,-0.01,0.46,0.94,1.0465658125507444
4.96,-0.01,0.43,0.93,1.0246462804304712
4.97,-0.03,0.43,0.93,1.0250365847129557
4.98,-0.02,0.45,0.94,1.0423531071570709
4.99,-0.02,0.43,0.92,1.0157263410978372
5.0,-0.025,0.41500000000000004,0.905,0.9960655816819342
5.01,-0.03,0.43,0.88,0.9798979538707079
5.02,-0.01,0.4,0.86,0.9485251709891519
5.03,-0.01,0.41,0.86,0.9527853903162034
5.04,-0.02,0.4,0.88,0.9668505572217456
5.05,-0.05,0.35,0.87,0.9390953093270139
5.06,-0.04,0.37,0.87,0.946255779374689
5.07,0.015,0.33,0.87,0.9318516508150193
5.08,0.02,0.35,0.9,0.9658674857349739
5.09,0.0,0.37,0.91,0.9823441352194251
5.1,0.0,0.4,0.9,0.9848857801796105
5.11,0.0,0.49,0.89,1.0159724405711013
5.12,-0.03,0.55,0.88,1.0381714694596458
5.13,-0.03,0.5,0.87,1.0038924245156948
5.14,-0.01,0.37,0.88,0.9555420305600038
5.15,0.0,0.3,0.9,0.9486832980505138
5.16,0.0,0.26,0.89,0.9272000862812729
5.17,0.0,0.26,0.9,0.9368030742904295
5.18,-0.01,0.27,0.89,0.9301075206662938
5.19,0.0,0.26,0.9,0.9368030742904295
5.2,0.0,0.34,0.9,0.9620810776644555
5.21,-0.005,0.42,0.9,0.9932433394795185
5.22,0.0,0.49,0.91,1.0335376142163382
5.23,0.0,0.51,0.92,1.0519030373565808
5.24,0.0,0.49,0.92,1.0423531071570709
5.25,0.0,0.43,0.93,1.0245974819410792
5.26,0.0,0.4,0.94,1.0215674231297707
5.27,0.02,0.32,0.94,0.9931767214348108
5.28,-0.005,0.3,0.93,0.9772616940202007
5.29,-0.01,0.32,0.93,0.9835649444749442
5.3,-0.01,0.31,0.93,0.980357077803797
5.31,-0.04,0.33,0.93,0.9876234100101112
5.32,-0.02,0.35,0.92,0.9845303448853164
5.33,-0.02,0.36,0.91,0.9788258272031853
5.34,-0.02,0.39,0.92,0.9994498486667553
5.35,-0.01,0.395,0.91,0.9920917482476692
5.36,-0.01,0.38,0.9,0.976985158536198
5.37,-0.01,0.34,0.89,0.9527853903162034
5.38,-0.01,0.3,0.9,0.9487360012142472
5.39,-0.02,0.29,0.9,0.9457801012920498
5.4,-0.03,0.32,0.89,0.946255779374689
5.41,-0.04,0.36,0.88,0.9516301802696255
5.42,-0.02,0.36,0.87,0.9418194355372136
5.43,0.0,0.34,0.86,0.9247702417357513
5.44,-0.01,0.3,0.86,0.9108786966440701
5.45,-0.01,0.32,0.87,0.9270382947861432
5.46,-0.01,0.37,0.86,0.9362691920596341
5.47,-0.02,0.43,0.87,0.9706698717895802
5.48,-0.01,0.45,0.87,0.9795407086997456
5.49,-0.01,0.43,0.87,0.9705153270299238
5.5,-0.025,0.41000000000000003,0.875,0.9666953133151186
5.51,-0.02,0.41,0.88,0.9710303805751909
5.52,-0.03,0.4,0.87,0.9580187889597991
5.53,-0.01,0.38,0.87,0.9494208761134337
5.54,-0.02,0.35,0.86,0.9287087810503355
5.55,-0.02,0.34,0.86,0.9249864863877741
5.56,-0.01,0.36,0.86,0.9323625904121207
5.57,-0.01,0.395,0.87,0.9555235156490005
5.58,-0.02,0.39,0.9,0.9810708435174292
5.59,-0.01,0.38,0.91,0.9862048468751308
5.6,0.0,0.37,0.91,0.9823441352194251
5.61,0.0,0.36,0.92,0.9879271228182775
5.62,0.01,0.34,0.92,0.980866963456309
5.63,0.0,0.33,0.92,0.9773944955850734
5.64,-0.005,0.35,0.925,0.9890565858859943
5.65,-0.02,0.4,0.92,1.0033942395688746
5.66,-0.03,0.46,0.92,1.0290286682109493
5.67,-0.01,0.5,0.94,1.0647534925981694
5.68,0.0,0.45,0.95,1.0511898020814319
5.69,0.0,0.37,0.95,1.0195096860746344
5.7,0.02,0.31,0.95,0.999499874937461
5.71,0.03,0.28,0.945,0.9860664475457335
5.72,0.02,0.3,0.93,0.9773944955850734
5.73,0.0,0.33,0.92,0.9773944955850734
5.74,0.0,0.35,0.9,0.9656603957913983
5.75,0.0,0.38,0.89,0.9677293009927931
5.76,-0.02,0.41,0.88,0.9710303805751909
5.77,-0.01,0.47,0.89,1.0065286881157438
5.78,-0.02,0.49,0.885,1.0118461172027073
5.79,-0.02,0.48,0.87,0.9938309715439543
5.8,-0.02,0.46,0.87,0.9843271813782245
5.81,-0.03,0.44,0.86,0.9664884893261791
5.82,-0.02,0.43,0.85,0.9527853903162034
5.83,-0.02,0.4,0.84,0.9305912099305472
5.84,-0.02,0.38,0.83,0.9130717386930777
5.85,-0.025,0.375,0.82,0.9020511273262044
5.86,-0.02,0.4,0.82,0.9125787637239867
5.87,-0.03,0.42,0.83,0.9306986622962343
5.88,-0.03,0.41,0.83,0.926228913390205
5.89,0.0,0.42,0.84,0.9391485505499116
5.9,-0.01,0.43,0.85,0.9526279441628824
5.91,-0.01,0.42,0.85,0.9481561052906846
5.92,0.0,0.39,0.865,0.9490714375699957
5.93,0.01,0.38,0.88,0.9585927185202274
5.94,0.01,0.36,0.88,0.9508417323613851
5.95,0.0,0.39,0.88,0.9625487000666512
5.96,0.0,0.43,0.87,0.9704638066409277
5.97,-0.02,0.42,0.86,0.9572878355019455
5.98,-0.03,0.46,0.87,0.9845811292118085
5.99,-0.03,0.51,0.87,1.0089103032480142
6.0,-0.03,0.515,0.88,1.0201434496100261
6.01,-0.05,0.47,0.89,1.00772019926168
6.02,-0.03,0.42,0.89,0.9845811292118085
6.03,-0.02,0.4,0.89,0.9759610647971568
6.04,-0.03,0.41,0.89,0.980357077803797
6.05,-0.02,0.38,0.89,0.9679359482941008
6.06,0.01,0.38,0.89,0.9677809669548166
6.07,0.0,0.4,0.9,0.9848857801796105
6.08,0.0,0.39,0.89,0.9716995420396163
6.09,0.01,0.37,0.89,0.9638983348880732
6.1,0.02,0.38,0.88,0.9587491851365507
6.11,0.02,0.41,0.89,0.9801020355044673
6.12,0.0,0.4,0.9,0.9848857801796105
6.13,0.0,0.43,0.91,1.0064790112068907
6.14,0.02,0.44,0.92,1.02
6.15,0.005,0.4,0.91,0.9940573420922483
6.16,0.0,0.41,0.9,0.9889893831583836
6.17,0.0,0.4,0.9,0.9848857801796105
6.18,0.0,0.38,0.9,0.976933979345585
6.19,-0.01,0.41,0.91,0.9981482855768475
6.2,-0.02,0.42,0.91,1.0024470060806208
6.21,-0.03,0.43,0.91,1.0069260151570223
6.22,-0.03,0.44,0.91,1.0112368664165683
6.23,-0.02,0.42,0.905,0.9979125405678162
6.24,-0.02,0.39,0.9,0.9810708435174292
6.25,-0.01,0.37,0.9,0.9731392500562291
6.26,-0.01,0.37,0.9,0.9731392500562291
6.27,-0.01,0.37,0.9,0.9731392500562291
6.28,0.0,0.37,0.9,0.9730878685915265
6.29,0.0,0.37,0.9,0.9730878685915265
6.3,-0.005,0.38,0.91,0.9862227681615197
6.31,0.0,0.37,0.9,0.9730878685915265
6.32,0.0,0.37,0.89,0.9638464608017192
6.33,0.01,0.42,0.87,0.9661262857411551
6.34,0.01,0.43,0.87,0.9705153270299238
6.35,0.01,0.4,0.88,0.9666954018717582
6.36,0.01,0.43,0.88,0.9794896630388704
6.37,0.0,0.42,0.88,0.9750897394599125
6.38,-0.005,0.39,0.88,0.9626181982038966
6.39,-0.01,0.39,0.88,0.9626006440887104
6.4,-0.01,0.41,0.89,0.9799489782636644
6.41,-0.02,0.4,0.89,0.9759610647971568
6.42,-0.02,0.39,0.88,0.9627564593395362
6.43,-0.02,0.41,0.86,0.9529428104561154
6.44,-0.02,0.43,0.86,0.9617172141539321
6.45,-0.01,0.44,0.86,0.9660745312862771
6.46,-0.005,0.455,0.865,0.977396570414591
6.47,-0.01,0.45,0.87,0.9795407086997456
6.48,0.0,0.42,0.86,0.9570788891204318
6.49,0.0,0.4,0.85,0.9394147114027968
6.5,0.0,0.36,0.83,0.9047098982546836
6.51,0.01,0.36,0.83,0.9047651629014017
6.52,0.0,0.38,0.83,0.9128526715741154
6.53,-0.005,0.43,0.84,0.9437314222209867
6.54,-0.01,0.45,0.85,0.9618211892030659
6.55,-0.01,0.47,0.87,0.9888882646689665
6.56,-0.01,0.48,0.87,0.9936800289831733
6.57,0.0,0.46,0.88,0.9929753269845127
6.58,-0.01,0.41,0.88,0.9708758932015976
6.59,-0.01,0.38,0.87,0.9494208761134337
6.6,0.0,0.38,0.87,0.9493682109698007
6.61,0.005,0.425,0.875,0.9728449657989054
6.62,0.0,0.41,0.9,0.9889893831583836
6.63,0.01,0.41,0.9,0.9890399385262457
6.64,0.01,0.41,0.92,1.0072735477515529
6.65,0.01,0.42,0.93,1.0204900783447137
6.66,0.0,0.4,0.93,1.0123734488813898
6.67,0.02,0.42,0.93,1.0206370559606388
6.68,0.01,0.44,0.91,1.0108412338245805
6.69,0.005,0.44,0.89,0.9929399219424584
6.7,0.0,0.44,0.88,0.9838699100999074
6.71,-0.02,0.43,0.88,0.9796427920420789
6.72,-0.02,0.44,0.88,0.9840731680114034
6.73,0.0,0.39,0.87,0.9534149149242422
6.74,-0.01,0.49,0.87,0.9985489472229191
6.75,-0.02,0.44,0.86,0.966229786334493
6.76,-0.01,0.385,0.865,0.9468862527698383
6.77,0.0,0.37,0.87,0.9454099639838793
6.78,0.01,0.37,0.87,0.9454628496138809
6.79,0.0,0.37,0.86,0.9362157870918435
6.8,0.01,0.38,0.86,0.9402659198333203
6.81,0.0,0.39,0.87,0.9534149149242422
6.82,0.01,0.4,0.88,0.9666954018717582
6.83,0.01,0.41,0.88,0.9708758932015976
6.84,0.01,0.425,0.88,0.9773153392411389
6.85,0.01,0.42,0.88,0.9751410154434075
6.86,0.01,0.39,0.88,0.9626006440887104
6.87,0.01,0.33,0.89,0.9492628719169417
6.88,0.01,0.36,0.89,0.9601041610158764
6.89,0.0,0.45,0.89,0.9972963451251589
6.9,0.0,0.44,0.89,0.9928242543370907
6.91,0.01,0.38,0.89,0.9677809669548166
6.92,0.0,0.39,0.885,0.9671241210531337
6.93,0.01,0.37,0.88,0.9546727187890099
6.94,0.0,0.39,0.89,0.9716995420396163
6.95,0.02,0.38,0.89,0.9679359482941008
6.96,0.01,0.41,0.89,0.9799489782636644
6.97,0.01,0.39,0.89,0.9717509969122748
6.98,0.01,0.4,0.88,0.9666954018717582
6.99,0.0,0.41,0.87,0.9617692030835673
7.0,-0.005,0.45999999999999996,0.86,0.9756788517886277
7.01,0.0,0.5,0.87,1.0034440691936946
7.02,0.01,0.46,0.88,0.9930256794262674
7.03,0.02,0.41,0.87,0.961977130705299
7.04,-0.01,0.42,0.88,0.9751410154434075
7.05,0.01,0.39,0.89,0.9717509969122748
7.06,0.01,0.32,0.88,0.9364293886887575
7.07,0.005,0.305,0.89,0.9409554233023023
7.08,-0.01,0.38,0.89,0.9677809669548166
7.09,0.0,0.36,0.89,0.9600520819205591
7.1,-0.02,0.4,0.89,0.9759610647971568
7.11,0.0,0.41,0.89,0.9798979538707079
7.12,0.02,0.41,0.89,0.9801020355044673
7.13,0.0,0.43,0.9,0.9974467404327912
7.14,0.01,0.415,0.91,1.0002228233214567
7.15,0.01,0.43,0.91,1.0065286881157438
7.16,0.01,0.49,0.91,1.033585990617133
7.17,0.01,0.49,0.9,1.024792661956554
7.18,0.01,0.47,0.91,1.024255827418131
7.19,0.01,0.47,0.92,1.0331505214633538
7.2,0.0,0.42,0.91,1.0022474744293446
7.21,-0.005,0.38,0.925,1.000139641890402
7.22,-0.01,0.41,0.93,1.0164152694642088
7.23,-0.01,0.32,0.92,0.9741149829460586
7.24,0.0,0.39,0.92,0.9992497185388646
7.25,0.02,0.31,0.89,0.9426558226627575
7.26,-0.01,0.52,0.87,1.0136074190730848
7.27,0.03,0.34,0.84,0.9066973034039529
7.28,-0.015,0.36,0.845,0.9186559910538177
7.29,0.02,0.36,0.84,0.9141115905621151
7.3,-0.01,0.36,0.85,0.9231467922275416
7.31,0.01,0.37,0.84,0.9179324593890337
7.32,0.04,0.33,0.82,0.8848163651289458
7.33,-0.02,0.31,0.81,0.867525215771853
7.34,-0.02,0.34,0.83,0.8971621926942753
7.35,0.02,0.33999999999999997,0.84,0.9066014851149033
7.36,0.01,0.42,0.88,0.9751410154434075
7.37,0.02,0.44,0.9,1.0019980039900278
7.38,0.03,0.41,0.92,1.007670581092849
7.39,0.02,0.45,0.93,1.0333440859655607
7.4,0.03,0.48,0.92,1.0381233067415452
7.41,0.01,0.42,0.91,1.002297361066066
7.42,0.0,0.385,0.9299999999999999,1.0066408162291516
7.43,0.0,0.38,0.95,1.0231813133555558
7.44,-0.01,0.39,0.95,1.026985881110349
7.45,-0.01,0.38,0.95,1.0232301793829186
7.46,0.0,0.34,0.94,0.999599919967984
7.47,-0.01,0.31,0.91,0.961405221537724
7.48,-0.02,0.28,0.92,0.9618731725128838
7.49,-0.02,0.34,0.91,0.9716480844420988
7.5,-0.005,0.375,0.915,0.9891166785493188
7.51,0.01,0.32,0.93,0.9835649444749442
7.52,0.01,0.4,0.91,0.9940824915468535
7.53,0.04,0.43,0.91,1.0072735477515529
7.54,0.03,0.37,0.91,0.9828021163998377
7.55,0.03,0.34,0.92,0.9812746812182612
7.56,0.04,0.37,0.92,0.9924212815130478
7.57,-0.005000000000000001,0.38,0.89,0.9762243469021648
7.58,0.03,0.42,0.89,0.9845811292118085
7.59,-0.02,0.39,0.92,0.9994498486667553
7.6,0.0,0.43,0.89,0.9884331034521254
7.61,-0.05,0.4,0.92,1.0044401425669924
7.62,0.01,0.4,0.88,0.9666954018717582
7.63,-0.02,0.31,0.88,0.9332202312423366
7.64,0.005,0.27,0.885,0.9269863850858127
7.65,-0.01,0.46,0.89,1.0018981984213766
7.66,-0.02,0.43,0.89,0.9886354231970449
7.67,0.0,0.39,0.88,0.9625487000666512
7.68,0.03,0.35,0.87,0.9382430388763884
7.69,0.01,0.35,0.86,0.9285472524325296
7.7,0.01,0.41,0.85,0.943769039543044
7.71,0.01,0.36,0.855,0.927976327698903
7.72,0.0,0.34,0.87,0.9340770846134703
7.73,0.01,0.35,0.87,0.9378166132032424
7.74,0.04,0.37,0.86,0.93706990134141
7.75,0.03,0.39,0.86,0.9447751055145346
7.76,0.0,0.43,0.87,0.9704638066409277
7.77,-0.01,0.45,0.88,0.9884331034521254
7.78,0.02,0.41000000000000003,0.875,0.9666882243869745
7.79,0.01,0.36,0.87,0.9415943925066674
7.8,-0.01,0.38,0.88,0.9585927185202274
7.81,-0.01,0.37,0.89,0.9638983348880732
7.82,0.01,0.33,0.89,0.9492628719169417
7.83,0.03,0.32,0.89,0.946255779374689
7.84,0.01,0.33,0.9,0.9586448768965492
7.85,-0.005,0.375,0.91,0.9849889536294598
7.86,0.03,0.49,0.94,1.0604715932074749
7.87,0.02,0.39,0.94,1.0178899744078433
7.88,0.01,0.39,0.94,1.017742600071354
7.89,0.0,0.37,0.94,1.010198000393982
7.9,0.01,0.38,0.94,1.0139526616169021
7.91,0.0,0.34,0.94,0.999599919967984
7.92,0.0,0.335,0.96,1.016852623991952
7.93,0.0,0.2,0.96,0.980612053770501
7.94,-0.02,0.25,0.94,0.9728823155962903
7.95,-0.02,0.27,0.92,0.9590099061010788
7.96,0.0,0.26,0.92,0.9560334722173696
7.97,0.0,0.24,0.92,0.950789145920377
7.98,0.0,0.29,0.92,0.9646242791885347
7.99,0.0,0.29,0.92,0.9646242791885347
8.0,-0.015,0.415,0.91,1.0015374175552898
8.01,0.01,0.36,0.91,0.9786725703727472
8.02,0.0,0.36,0.91,0.9786214794290998
8.03,-0.02,0.41,0.9,0.9891915891272024
8.04,-0.01,0.42,0.88,0.9751410154434075
8.05,0.0,0.43,0.87,0.9704638066409277
8.06,0.02,0.4,0.86,0.9486832980505138
8.07,0.0,0.37,0.86,0.9362157870918435
8.08,0.02,0.35,0.86,0.9287087810503355
8.09,0.02,0.31,0.85,0.9049861877399014
8.1,0.04,0.28,0.86,0.905317623820502
8.11,0.0,0.23,0.86,0.8902246907382427
8.12,0.0,0.38,0.87,0.9493682109698007
8.13,0.02,0.35,0.86,0.9287087810503355
8.14,0.01,0.38,0.86,0.9402659198333203
8.15,0.035,0.39,0.875,0.9586565109676781
8.16,0.02,0.38,0.89,0.9679359482941008
8.17,0.01,0.32,0.91,0.9646761114488117
8.18,0.03,0.31,0.93,0.9807650075323855
8.19,0.0,0.32,0.93,0.98351410767716
8.2,0.0,0.35,0.94,1.0030453628824572
8.21,-0.01,0.28,0.91,0.9521554494934112
8.22,-0.03,0.45,0.89,0.9977474630386188
8.23,0.015,0.47,0.92,1.033331923527636
8.24,0.0,0.42,0.94,1.0295630140987
8.25,0.0,0.39,0.94,1.017693470549949
8.26,0.0,0.35,0.94,1.0030453628824572
8.27,0.02,0.29,0.94,0.9839207285142436
8.28,0.0,0.3,0.95,0.9962429422585637
8.29,0.02,0.36,0.95,1.0161200716450787
8.3,0.035,0.35,0.965,1.027179997158637
8.31,0.03,0.33,0.97,1.0250365847129554
8.32,0.03,0.3,0.97,1.0157755657624374
8.33,0.03,0.29,0.96,1.0032945728947207
8.34,0.02,0.25,0.95,0.98254770876533
8.35,0.01,0.24,0.93,0.9605206921248496
8.36,0.02,0.27,0.92,0.9590099061010788
8.37,0.03,0.31,0.93,0.9807650075323855
8.38,0.02,0.365,0.925,0.994735778904484
8.39,0.01,0.38,0.92,0.9954396013822235
8.4,0.0,0.36,0.9,0.9693296652842107
8.41,0.0,0.34,0.9,0.9620810776644555
8.42,0.0,0.32,0.89,0.9457801012920498
8.43,0.0,0.34,0.87,0.9340770846134703
8.44,0.01,0.35,0.88,0.9471008394041259
8.45,0.01,0.39,0.86,0.9443516294262428
8.46,0.005,0.36,0.855,0.927871968523093
8.47,0.0,0.35,0.85,0.9192388155425117
8.48,0.01,0.39,0.85,0.9352539762011172
8.49,0.02,0.31,0.86,0.9143850392476902
8.5,0.0,0.28,0.88,0.9234717104492156
8.51,0.01,0.24,0.87,0.9025519375637061
8.52,0.02,0.25,0.87,0.9054280755532159
8.53,0.045,0.385,0.88,0.9664008897508021
8.54,0.07,0.42,0.91,1.0046890066085128
8.55,0.01,0.39,0.92,0.9992997548283498
8.56,0.0,0.4,0.9,0.9848857801796105
8.57,0.06,0.36,0.9,0.9711848433743188
8.58,0.05,0.32,0.89,0.9471008394041259
8.59,0.01,0.3,0.89,0.9392550239418472
8.6,0.02,0.27,0.9,0.9398404119849285
8.61,0.025,0.255,0.905,0.9405904101354883
8.62,0.04,0.31,0.92,0.9716480844420988
8.63,0.01,0.36,0.96,1.025329215423027
8.64,0.04,0.34,0.98,1.0380751417888783
8.65,0.04,0.37,0.99,1.057638879769461
8.66,0.03,0.24,0.99,1.0191172650877818
8.67,0.01,0.32,0.95,1.002496882788171
8.68,0.03,0.26,0.87,0.9085152722987104
8.69,-0.020000000000000004,0.44,0.875,0.9810137573625978
8.7,0.05,0.35,0.91,0.9762684057163789
8.71,0.01,0.36,0.91,0.9786725703727472
8.72,0.02,0.16,0.91,0.9241753080449618
8.73,0.04,0.3,0.92,0.9685040010242602
8.74,0.08,0.31,0.94,0.9930256794262674
8.75,0.04,0.34,0.96,1.0192153844992726
8.76,0.030000000000000002,0.08499999999999999,0.955,0.9806690638457776
8.77,0.09,0.38,0.99,1.0642368157510809
8.78,0.06,0.47,0.96,1.0705606008068855
8.79,0.0,0.49,0.97,1.0867382389517726
8.8,0.0,0.55,0.94,1.0890821823902914
8.81,0.15,0.07,0.96,0.9741663102366043
8.82,-0.03,0.28,0.92,0.9621330469326995
8.83,0.01,0.29,0.93,0.9742176348229383
8.84,0.03,0.32999999999999996,0.95,1.0066774639768927
8.85,0.0,0.24,0.96,0.9895453501482385
8.86,0.01,0.27,0.96,0.9972963451251589
8.87,0.02,0.27,0.95,0.9878258955909184
8.88,0.03,0.28,0.93,0.9716995420396164
8.89,0.02,0.29,0.94,0.9839207285142436
8.9,0.03,0.31,0.94,0.9902524930541705
8.91,0.03,0.31,0.94,0.9902524930541705
8.92,0.025,0.315,0.91,0.9633467389633706
8.93,0.02,0.36,0.88,0.9509994742374992
8.94,0.03,0.37,0.86,0.9366963221877195
8.95,0.02,0.37,0.86,0.9364293886887574
8.96,0.03,0.36,0.87,0.9420191080864548
8.97,0.03,0.35,0.88,0.9475230867899737
8.98,0.03,0.36,0.9,0.9697937925146769
8.99,0.04,0.35,0.9,0.9664884893261793
