X (g),Y (g),Z (g),Timestamp,acceleration (g),time (s)
0.95,0.19,0.12,2025-02-04 14:10:38,0.9762171889492625,0.0
0.95,0.18,0.12,2025-02-04 14:10:38,0.9743202758846805,0.009708737864077669
0.95,0.16,0.12,2025-02-04 14:10:38,0.9708243919473799,0.019417475728155338
0.94,0.16,0.11,2025-02-04 14:10:38,0.9598437372822723,0.029126213592233007
0.94,0.15,0.1,2025-02-04 14:10:38,0.9571311299921239,0.038834951456310676
0.94,0.16,0.09,2025-02-04 14:10:38,0.9577577981932592,0.04854368932038834
0.92,0.16,0.08,2025-02-04 14:10:38,0.9372299611087985,0.058252427184466014
0.91,0.16,0.08,2025-02-04 14:10:38,0.9274157643689264,0.06796116504854369
0.9,0.17,0.08,2025-02-04 14:10:38,0.9194019795497507,0.07766990291262135
0.89,0.16,0.08,2025-02-04 14:10:38,0.9077995373429092,0.08737864077669902
0.89,0.17,0.08,2025-02-04 14:10:38,0.9096153033013462,0.09708737864077668
0.9,0.16,0.07,2025-02-04 14:10:38,0.9167878707749137,0.10679611650485436
0.91,0.18,0.07,2025-02-04 14:10:38,0.9302687783646187,0.11650485436893203
0.92,0.2,0.08,2025-02-04 14:10:38,0.9448809448814174,0.1262135922330097
0.93,0.21,0.09,2025-02-04 14:10:38,0.9576533819707421,0.13592233009708737
0.94,0.23,0.1,2025-02-04 14:10:38,0.9728823155962903,0.14563106796116504
0.94,0.2,0.1,2025-02-04 14:10:38,0.966229786334493,0.1553398058252427
0.95,0.21,0.1,2025-02-04 14:10:38,0.9780593029055038,0.16504854368932037
0.95,0.21,0.1,2025-02-04 14:10:38,0.9780593029055038,0.17475728155339804
0.96,0.21,0.1,2025-02-04 14:10:38,0.9877752780870759,0.1844660194174757
0.94,0.24,0.1,2025-02-04 14:10:38,0.9752948272189287,0.19417475728155337
0.94,0.25,0.1,2025-02-04 14:10:38,0.9778036612735708,0.20388349514563106
0.94,0.25,0.11,2025-02-04 14:10:38,0.9788769074812216,0.21359223300970873
0.94,0.26,0.11,2025-02-04 14:10:38,0.9814784765851974,0.2233009708737864
0.95,0.28,0.11,2025-02-04 14:10:38,0.9964938534682489,0.23300970873786406
0.95,0.27,0.1,2025-02-04 14:10:38,0.9926731586982696,0.24271844660194172
0.95,0.3,0.11,2025-02-04 14:10:38,1.002297361066066,0.2524271844660194
0.95,0.29,0.11,2025-02-04 14:10:38,0.9993497886125758,0.2621359223300971
0.96,0.3,0.12,2025-02-04 14:10:38,1.012916580968048,0.27184466019417475
0.95,0.32,0.11,2025-02-04 14:10:38,1.0084641788382966,0.2815533980582524
0.95,0.32,0.11,2025-02-04 14:10:38,1.0084641788382966,0.2912621359223301
0.94,0.3,0.11,2025-02-04 14:10:38,0.9928242543370905,0.30097087378640774
0.93,0.32,0.09,2025-02-04 14:10:38,0.9876234100101112,0.3106796116504854
0.91,0.31,0.08,2025-02-04 14:10:38,0.9646761114488116,0.3203883495145631
0.91,0.3,0.06,2025-02-04 14:10:38,0.9600520819205591,0.33009708737864074
0.89,0.3,0.03,2025-02-04 14:10:38,0.9396807968666807,0.3398058252427184
0.89,0.29,0.0,2025-02-04 14:10:38,0.9360555539069249,0.3495145631067961
0.92,0.26,-0.02,2025-02-04 14:10:38,0.9562426470305536,0.35922330097087374
0.93,0.24,-0.03,2025-02-04 14:10:38,0.9609370426828181,0.3689320388349514
0.93,0.22,-0.04,2025-02-04 14:10:38,0.9565040512198577,0.37864077669902907
0.9,0.21,-0.04,2025-02-04 14:10:38,0.925040539652182,0.38834951456310673
0.88,0.2,-0.04,2025-02-04 14:10:38,0.9033271832508972,0.39805825242718446
0.86,0.2,-0.05,2025-02-04 14:10:38,0.8843641783790205,0.4077669902912621
0.85,0.21,-0.05,2025-02-04 14:10:38,0.8769834662067466,0.4174757281553398
0.84,0.21,-0.05,2025-02-04 14:10:38,0.867294644281861,0.42718446601941745
0.86,0.22,-0.05,2025-02-04 14:10:38,0.8891006692158092,0.4368932038834951
0.88,0.23,-0.05,2025-02-04 14:10:38,0.9109335870413385,0.4466019417475728
0.92,0.23,-0.04,2025-02-04 14:10:38,0.9491575211733825,0.45631067961165045
0.96,0.24,-0.03,2025-02-04 14:10:38,0.99,0.4660194174757281
1.0,0.25,-0.02,2025-02-04 14:10:38,1.030970416646375,0.4757281553398058
1.03,0.25,-0.02,2025-02-04 14:10:38,1.0600943354249186,0.48543689320388345
1.07,0.23,-0.04,2025-02-04 14:10:38,1.095171219490359,0.4951456310679611
1.08,0.23,-0.08,2025-02-04 14:10:38,1.107113363662457,0.5048543689320388
1.08,0.23,-0.11,2025-02-04 14:10:38,1.109684639886486,0.5145631067961165
1.07,0.24,-0.13,2025-02-04 14:10:38,1.1042644610780517,0.5242718446601942
1.05,0.25,-0.15,2025-02-04 14:10:38,1.0897247358851685,0.5339805825242718
1.02,0.25,-0.16,2025-02-04 14:10:38,1.0623088063270492,0.5436893203883495
1.0,0.25,-0.16,2025-02-04 14:10:38,1.0431203190428227,0.5533980582524272
0.97,0.24,-0.15,2025-02-04 14:10:38,1.0104454463255301,0.5631067961165048
0.95,0.24,-0.13,2025-02-04 14:10:38,0.9884331034521254,0.5728155339805825
0.92,0.24,-0.11,2025-02-04 14:10:38,0.9571311299921239,0.5825242718446602
0.91,0.25,-0.09,2025-02-04 14:10:38,0.9479978902930112,0.5922330097087378
0.89,0.26,-0.07,2025-02-04 14:10:38,0.9298386956886662,0.6019417475728155
0.88,0.27,-0.05,2025-02-04 14:10:38,0.921845974119321,0.6116504854368932
0.88,0.27,-0.05,2025-02-04 14:10:38,0.921845974119321,0.6213592233009708
0.89,0.27,-0.05,2025-02-04 14:10:38,0.9313968005098578,0.6310679611650485
0.9,0.28,-0.05,2025-02-04 14:10:38,0.9438749917229505,0.6407766990291262
0.91,0.27,-0.06,2025-02-04 14:10:38,0.9511046209539727,0.6504854368932038
0.92,0.27,-0.07,2025-02-04 14:10:38,0.9613532129243653,0.6601941747572815
0.94,0.26,-0.07,2025-02-04 14:10:38,0.9778036612735708,0.6699029126213591
0.95,0.26,-0.07,2025-02-04 14:10:38,0.9874208829065749,0.6796116504854368
0.95,0.26,-0.06,2025-02-04 14:10:38,0.9867623827447011,0.6893203883495145
0.93,0.26,-0.05,2025-02-04 14:10:38,0.9669539802906858,0.6990291262135921
0.92,0.27,-0.03,2025-02-04 14:10:38,0.9592705562040357,0.7087378640776698
0.91,0.28,-0.0,2025-02-04 14:10:38,0.9521029356114811,0.7184466019417475
0.91,0.3,0.03,2025-02-04 14:10:38,0.9586448768965492,0.7281553398058251
0.92,0.3,0.05,2025-02-04 14:10:38,0.9689685237405805,0.7378640776699028
0.94,0.29,0.05,2025-02-04 14:10:38,0.9849873095629201,0.7475728155339805
0.95,0.29,0.03,2025-02-04 14:10:38,0.9937303457175894,0.7572815533980581
0.96,0.3,0.02,2025-02-04 14:10:38,1.0059821071967434,0.7669902912621358
0.98,0.32,0.0,2025-02-04 14:10:38,1.0309219175087898,0.7766990291262135
1.01,0.35,-0.0,2025-02-04 14:10:38,1.0689246933250256,0.7864077669902912
1.03,0.36,-0.01,2025-02-04 14:10:38,1.091146186356347,0.7961165048543689
1.05,0.39,0.0,2025-02-04 14:10:38,1.120089282155668,0.8058252427184466
1.06,0.42,0.01,2025-02-04 14:10:38,1.1402192771568107,0.8155339805825242
1.05,0.43,0.02,2025-02-04 14:10:38,1.1348127598859648,0.8252427184466019
1.05,0.44,0.02,2025-02-04 14:10:38,1.138639539099183,0.8349514563106796
1.03,0.45,0.02,2025-02-04 14:10:38,1.1241885962773328,0.8446601941747572
1.02,0.45,0.03,2025-02-04 14:10:38,1.1152578177264663,0.8543689320388349
1.01,0.45,0.04,2025-02-04 14:10:38,1.1064357188738982,0.8640776699029126
0.98,0.43,0.05,2025-02-04 14:10:38,1.071354283138869,0.8737864077669902
0.98,0.41,0.05,2025-02-04 14:10:38,1.0634848376916333,0.8834951456310679
0.98,0.39,0.05,2025-02-04 14:10:38,1.0559356040971437,0.8932038834951456
0.99,0.38,0.07,2025-02-04 14:10:38,1.0627323275406653,0.9029126213592232
1.01,0.39,0.07,2025-02-04 14:10:38,1.0849423947841654,0.9126213592233009
1.04,0.38,0.07,2025-02-04 14:10:38,1.109459327780879,0.9223300970873786
1.08,0.38,0.07,2025-02-04 14:10:38,1.1470396680150168,0.9320388349514562
1.23,0.36,0.0,2025-02-04 14:10:38,1.2816005617976296,0.9417475728155339
1.23,0.36,-0.03,2025-02-04 14:10:38,1.2819516371532897,0.9514563106796116
1.22,0.36,-0.05,2025-02-04 14:10:38,1.2729886095327012,0.9611650485436892
1.21,0.37,-0.06,2025-02-04 14:10:38,1.2667280686871984,0.9708737864077669
1.23,0.37,-0.06,2025-02-04 14:10:38,1.2858460249967723,0.9805825242718446
1.25,0.36,-0.07,2025-02-04 14:10:38,1.3026895255585653,0.9902912621359222
1.29,0.34,-0.07,2025-02-04 14:10:39,1.3358892169637422,1.0
1.34,0.32,-0.08,2025-02-04 14:10:39,1.3800000000000001,1.0092592592592593
1.37,0.3,-0.09,2025-02-04 14:10:39,1.4053469322555197,1.0185185185185186
1.35,0.29,-0.09,2025-02-04 14:10:39,1.383726851658231,1.0277777777777777
1.21,0.27,-0.08,2025-02-04 14:10:39,1.2423365083583433,1.037037037037037
1.13,0.26,-0.07,2025-02-04 14:10:39,1.1616367762773352,1.0462962962962963
1.08,0.24,-0.04,2025-02-04 14:10:39,1.107068200247844,1.0555555555555556
1.05,0.22,-0.01,2025-02-04 14:10:39,1.072846680565308,1.0648148148148149
1.04,0.18,0.03,2025-02-04 14:10:39,1.0558882516630252,1.074074074074074
1.05,0.12,0.03,2025-02-04 14:10:39,1.0572606112023657,1.0833333333333333
1.06,0.05,0.02,2025-02-04 14:10:39,1.0613670430157516,1.0925925925925926
1.06,-0.01,0.0,2025-02-04 14:10:39,1.0600471687618434,1.1018518518518519
1.04,-0.06,-0.02,2025-02-04 14:10:39,1.0419213022104885,1.1111111111111112
1.02,-0.1,-0.04,2025-02-04 14:10:39,1.0256705123966467,1.1203703703703705
0.99,-0.12,-0.06,2025-02-04 14:10:39,0.9990495483208027,1.1296296296296295
0.96,-0.14,-0.09,2025-02-04 14:10:39,0.9743202758846805,1.1388888888888888
0.92,-0.14,-0.1,2025-02-04 14:10:39,0.9359487165438072,1.1481481481481481
0.84,-0.09,-0.1,2025-02-04 14:10:39,0.8507055894961546,1.1574074074074074
0.81,-0.07,-0.08,2025-02-04 14:10:39,0.8169455306200041,1.1666666666666667
0.81,-0.06,-0.05,2025-02-04 14:10:39,0.8137567204023571,1.175925925925926
0.81,-0.09,-0.04,2025-02-04 14:10:39,0.8159656855530141,1.1851851851851851
0.81,-0.11,-0.02,2025-02-04 14:10:39,0.8176796438703853,1.1944444444444444
0.77,-0.12,-0.02,2025-02-04 14:10:39,0.7795511529078768,1.2037037037037037
0.76,-0.12,-0.02,2025-02-04 14:10:39,0.7696752561957543,1.212962962962963
0.74,-0.11,-0.02,2025-02-04 14:10:39,0.7483982896827063,1.2222222222222223
0.73,-0.09,-0.01,2025-02-04 14:10:39,0.7355949972641195,1.2314814814814814
0.69,-0.06,0.05,2025-02-04 14:10:39,0.6944062211702887,1.2407407407407407
0.68,-0.08,0.06,2025-02-04 14:10:39,0.6873136110975834,1.25
0.68,-0.09,0.06,2025-02-04 14:10:39,0.6885491994040804,1.2592592592592593
0.69,-0.08,0.05,2025-02-04 14:10:39,0.6964194138592059,1.2685185185185186
0.71,-0.09,0.05,2025-02-04 14:10:39,0.7174259543674176,1.2777777777777777
0.72,-0.08,0.05,2025-02-04 14:10:39,0.7261542535852833,1.287037037037037
0.73,-0.08,0.03,2025-02-04 14:10:39,0.7349829930005183,1.2962962962962963
0.74,-0.06,0.01,2025-02-04 14:10:39,0.7424957912338628,1.3055555555555556
0.75,-0.05,-0.01,2025-02-04 14:10:39,0.7517313349861106,1.3148148148148149
0.76,-0.02,-0.03,2025-02-04 14:10:39,0.7608547824650903,1.324074074074074
0.78,0.01,-0.05,2025-02-04 14:10:39,0.7816648898345121,1.3333333333333333
0.81,0.04,-0.05,2025-02-04 14:10:39,0.8125269226308751,1.3425925925925926
0.84,0.06,-0.04,2025-02-04 14:10:39,0.8430895563343197,1.3518518518518519
0.86,0.08,-0.03,2025-02-04 14:10:39,0.8642337646724987,1.3611111111111112
0.88,0.1,-0.01,2025-02-04 14:10:39,0.8857200460642177,1.3703703703703702
0.88,0.11,0.02,2025-02-04 14:10:39,0.8870738413458036,1.3796296296296295
0.87,0.12,0.04,2025-02-04 14:10:39,0.8791473141629905,1.3888888888888888
0.85,0.13,0.05,2025-02-04 14:10:39,0.8613361713059541,1.3981481481481481
0.83,0.13,0.06,2025-02-04 14:10:39,0.8422588675698226,1.4074074074074074
0.82,0.13,0.07,2025-02-04 14:10:39,0.8331866537577279,1.4166666666666665
0.8,0.12,0.07,2025-02-04 14:10:39,0.8119729059519166,1.425925925925926
0.79,0.1,0.06,2025-02-04 14:10:39,0.7985612061701972,1.4351851851851851
0.8,0.1,0.05,2025-02-04 14:10:39,0.8077747210701757,1.4444444444444444
0.83,0.11,0.04,2025-02-04 14:10:39,0.8382123835878351,1.4537037037037037
0.88,0.13,0.05,2025-02-04 14:10:39,0.8909545442950498,1.4629629629629628
0.94,0.15,0.06,2025-02-04 14:10:39,0.9537819457297354,1.4722222222222223
1.01,0.17,0.08,2025-02-04 14:10:39,1.027326627709026,1.4814814814814814
1.09,0.18,0.08,2025-02-04 14:10:39,1.1076551810017412,1.4907407407407407
1.17,0.19,0.08,2025-02-04 14:10:39,1.1880235687897778,1.5
1.22,0.19,0.07,2025-02-04 14:10:39,1.2366891282775958,1.509259259259259
1.24,0.18,0.06,2025-02-04 14:10:39,1.2544321424453377,1.5185185185185186
1.23,0.17,0.04,2025-02-04 14:10:39,1.2423365083583433,1.5277777777777777
1.21,0.18,0.02,2025-02-04 14:10:39,1.2234786471369248,1.537037037037037
1.25,0.19,0.0,2025-02-04 14:10:39,1.2643575443678896,1.5462962962962963
1.32,0.22,0.0,2025-02-04 14:10:39,1.3382077566656083,1.5555555555555556
1.38,0.25,0.01,2025-02-04 14:10:39,1.402497771834237,1.5648148148148149
1.41,0.28,0.02,2025-02-04 14:10:39,1.437671728872763,1.574074074074074
1.41,0.31,0.04,2025-02-04 14:10:39,1.44422989859648,1.5833333333333333
1.4,0.33,0.06,2025-02-04 14:10:39,1.4396180048887968,1.5925925925925926
1.41,0.35,0.07,2025-02-04 14:10:39,1.4544758506073587,1.6018518518518519
1.48,0.4,0.07,2025-02-04 14:10:39,1.5346986674914396,1.6111111111111112
1.53,0.42,0.03,2025-02-04 14:10:39,1.5868837386525834,1.6203703703703702
1.52,0.42,0.01,2025-02-04 14:10:39,1.5769908052997648,1.6296296296296295
1.47,0.42,-0.0,2025-02-04 14:10:39,1.5288230767489088,1.6388888888888888
1.39,0.41,-0.01,2025-02-04 14:10:39,1.4492411807563295,1.6481481481481481
1.3,0.4,-0.0,2025-02-04 14:10:39,1.3601470508735443,1.6574074074074074
1.22,0.38,0.01,2025-02-04 14:10:39,1.2778497564267874,1.6666666666666665
1.17,0.36,0.03,2025-02-04 14:10:39,1.224499897917513,1.675925925925926
1.13,0.34,0.03,2025-02-04 14:10:39,1.1804236527620071,1.6851851851851851
1.1,0.31,0.01,2025-02-04 14:10:39,1.1428910709249593,1.6944444444444444
1.06,0.31,0.0,2025-02-04 14:10:39,1.1044002897500527,1.7037037037037037
1.01,0.31,-0.0,2025-02-04 14:10:39,1.0565036677645754,1.7129629629629628
0.95,0.31,-0.01,2025-02-04 14:10:39,0.9993497886125758,1.7222222222222223
0.91,0.31,-0.02,2025-02-04 14:10:39,0.9615612304996495,1.7314814814814814
0.87,0.31,-0.03,2025-02-04 14:10:39,0.9240670971309388,1.7407407407407407
0.83,0.31,-0.04,2025-02-04 14:10:39,0.8869047299456689,1.75
0.8,0.3,-0.04,2025-02-04 14:10:39,0.855336191213724,1.759259259259259
0.76,0.3,-0.04,2025-02-04 14:10:39,0.8180464534487024,1.7685185185185186
0.72,0.3,-0.03,2025-02-04 14:10:39,0.7805767098754612,1.7777777777777777
0.69,0.3,-0.03,2025-02-04 14:10:39,0.7529940238806679,1.787037037037037
0.65,0.3,-0.03,2025-02-04 14:10:39,0.7165193647069144,1.7962962962962963
0.63,0.3,-0.03,2025-02-04 14:10:39,0.6984268036093689,1.8055555555555554
0.6,0.31,-0.03,2025-02-04 14:10:39,0.6760177512462229,1.8148148148148149
0.58,0.31,-0.04,2025-02-04 14:10:39,0.6588626564011653,1.824074074074074
0.57,0.31,-0.04,2025-02-04 14:10:39,0.6500769185258003,1.8333333333333333
0.57,0.31,-0.03,2025-02-04 14:10:39,0.6495382975621992,1.8425925925925926
0.58,0.3,-0.02,2025-02-04 14:10:39,0.653299318842443,1.8518518518518519
0.61,0.28,-0.01,2025-02-04 14:10:39,0.6712674578735365,1.8611111111111112
0.64,0.27,-0.01,2025-02-04 14:10:39,0.6946941773183363,1.8703703703703702
0.66,0.26,-0.01,2025-02-04 14:10:39,0.709436396021518,1.8796296296296295
0.67,0.26,-0.02,2025-02-04 14:10:39,0.7189575787207476,1.8888888888888888
0.69,0.26,-0.03,2025-02-04 14:10:39,0.7379701890998036,1.8981481481481481
0.73,0.27,-0.04,2025-02-04 14:10:39,0.7793587107359485,1.9074074074074074
0.77,0.28,-0.03,2025-02-04 14:10:39,0.8198780397107853,1.9166666666666665
0.83,0.28,-0.03,2025-02-04 14:10:39,0.8764701934464172,1.9259259259259258
0.88,0.29,-0.02,2025-02-04 14:10:39,0.9267685795278128,1.9351851851851851
0.93,0.3,-0.01,2025-02-04 14:10:39,0.9772410142846032,1.9444444444444444
0.97,0.31,-0.01,2025-02-04 14:10:39,1.0183810681665286,1.9537037037037037
1.0,0.32,-0.01,2025-02-04 14:10:39,1.05,1.9629629629629628
1.02,0.33,-0.01,2025-02-04 14:10:39,1.072100741535048,1.9722222222222223
1.04,0.34,-0.01,2025-02-04 14:10:39,1.0942120452636226,1.9814814814814814
1.04,0.34,-0.02,2025-02-04 14:10:39,1.0943491216243562,1.9907407407407407
1.03,0.32,-0.02,2025-02-04 14:10:40,1.0787492757819122,2.0
1.02,0.32,-0.03,2025-02-04 14:10:40,1.0694391053257777,2.008695652173913
0.99,0.3,-0.04,2025-02-04 14:10:40,1.0352294431670692,2.017391304347826
0.96,0.28,-0.04,2025-02-04 14:10:40,1.0007996802557444,2.026086956521739
0.94,0.28,-0.04,2025-02-04 14:10:40,0.9816312953446421,2.034782608695652
0.94,0.29,-0.04,2025-02-04 14:10:40,0.9845303448853163,2.0434782608695654
0.95,0.28,-0.05,2025-02-04 14:10:40,0.9916652661054535,2.0521739130434784
0.97,0.26,-0.05,2025-02-04 14:10:40,1.0054849576199536,2.0608695652173914
1.01,0.26,-0.06,2025-02-04 14:10:40,1.0446530524533015,2.0695652173913044
1.07,0.25,-0.05,2025-02-04 14:10:40,1.0999545445153631,2.0782608695652174
1.14,0.23,-0.06,2025-02-04 14:10:40,1.164517067285834,2.0869565217391304
1.2,0.22,-0.08,2025-02-04 14:10:40,1.222620137246234,2.0956521739130434
1.25,0.21,-0.09,2025-02-04 14:10:40,1.2707084638106414,2.1043478260869564
1.28,0.2,-0.1,2025-02-04 14:10:40,1.299384469662463,2.1130434782608694
1.27,0.2,-0.1,2025-02-04 14:10:40,1.2895347998406248,2.121739130434783
1.24,0.21,-0.09,2025-02-04 14:10:40,1.2608727136392477,2.130434782608696
1.21,0.21,-0.07,2025-02-04 14:10:40,1.230081298126266,2.139130434782609
1.16,0.22,-0.06,2025-02-04 14:10:40,1.182201336490532,2.1478260869565218
1.12,0.22,-0.04,2025-02-04 14:10:40,1.142103322821539,2.1565217391304348
1.09,0.23,-0.04,2025-02-04 14:10:40,1.1147196957082979,2.1652173913043478
1.1,0.24,-0.05,2025-02-04 14:10:40,1.1269871339105875,2.1739130434782608
1.14,0.23,-0.05,2025-02-04 14:10:40,1.1640446726822815,2.1826086956521737
1.18,0.22,-0.06,2025-02-04 14:10:40,1.2018319350058893,2.1913043478260867
1.19,0.2,-0.08,2025-02-04 14:10:40,1.2093386622447824,2.2
1.18,0.18,-0.09,2025-02-04 14:10:40,1.1970380110923795,2.208695652173913
1.17,0.17,-0.09,2025-02-04 14:10:40,1.1857065404222074,2.217391304347826
1.18,0.17,-0.09,2025-02-04 14:10:40,1.1955751753863075,2.226086956521739
1.18,0.16,-0.08,2025-02-04 14:10:40,1.1934822998268553,2.234782608695652
1.17,0.16,-0.07,2025-02-04 14:10:40,1.1829623831720093,2.243478260869565
1.13,0.16,-0.06,2025-02-04 14:10:40,1.1428473213863695,2.252173913043478
1.07,0.15,-0.04,2025-02-04 14:10:40,1.0812030336620408,2.260869565217391
1.02,0.13,-0.02,2025-02-04 14:10:40,1.0284454287904632,2.269565217391304
1.01,0.1,-0.02,2025-02-04 14:10:40,1.0151354589413177,2.2782608695652176
1.01,0.08,-0.03,2025-02-04 14:10:40,1.0136074190730846,2.2869565217391306
1.03,0.07,-0.05,2025-02-04 14:10:40,1.0335859906171327,2.2956521739130435
1.05,0.07,-0.06,2025-02-04 14:10:40,1.0540398474441086,2.3043478260869565
1.05,0.08,-0.07,2025-02-04 14:10:40,1.0553672346628922,2.3130434782608695
1.04,0.07,-0.08,2025-02-04 14:10:40,1.0454185764563397,2.3217391304347825
1.02,0.06,-0.09,2025-02-04 14:10:40,1.0257192598367255,2.3304347826086955
0.99,0.04,-0.09,2025-02-04 14:10:40,0.9948869282486327,2.3391304347826085
0.96,0.03,-0.09,2025-02-04 14:10:40,0.9646761114488116,2.3478260869565215
0.93,0.02,-0.08,2025-02-04 14:10:40,0.9336487562247379,2.356521739130435
0.9,0.03,-0.07,2025-02-04 14:10:40,0.903216474606171,2.365217391304348
0.87,0.03,-0.03,2025-02-04 14:10:40,0.8710338684574785,2.373913043478261
0.84,0.03,-0.0,2025-02-04 14:10:40,0.840535543567314,2.382608695652174
0.79,0.02,0.02,2025-02-04 14:10:40,0.7905061669588669,2.391304347826087
0.73,0.02,0.03,2025-02-04 14:10:40,0.730889868584864,2.4
0.67,0.02,0.03,2025-02-04 14:10:40,0.6709694478886502,2.408695652173913
0.61,0.03,0.04,2025-02-04 14:10:40,0.6120457499239742,2.4173913043478263
0.56,0.02,0.03,2025-02-04 14:10:40,0.561159513863928,2.426086956521739
0.53,0.01,0.03,2025-02-04 14:10:40,0.5309425580983315,2.4347826086956523
0.5,-0.01,0.02,2025-02-04 14:10:40,0.500499750249688,2.4434782608695653
0.5,-0.02,0.03,2025-02-04 14:10:40,0.5012983143797713,2.4521739130434783
0.51,-0.04,0.04,2025-02-04 14:10:40,0.5131276644266999,2.4608695652173913
0.53,-0.05,0.04,2025-02-04 14:10:40,0.5338539126015656,2.4695652173913043
0.55,-0.04,0.05,2025-02-04 14:10:40,0.5537147279962852,2.4782608695652173
0.58,-0.03,0.05,2025-02-04 14:10:40,0.5829236656715868,2.4869565217391303
0.6,-0.01,0.04,2025-02-04 14:10:40,0.6014149981501957,2.4956521739130437
0.63,-0.02,0.05,2025-02-04 14:10:40,0.6322973983814895,2.5043478260869563
0.66,0.01,0.05,2025-02-04 14:10:40,0.6619667665374146,2.5130434782608697
0.69,0.08,0.04,2025-02-04 14:10:40,0.6957729514719582,2.5217391304347827
0.72,0.11,0.04,2025-02-04 14:10:40,0.7294518489934754,2.5304347826086957
0.73,0.08,0.03,2025-02-04 14:10:40,0.7349829930005183,2.5391304347826087
0.74,0.08,0.01,2025-02-04 14:10:40,0.7443789357578571,2.5478260869565217
0.77,0.09,-0.0,2025-02-04 14:10:40,0.7752418977325722,2.5565217391304347
0.79,0.17,-0.0,2025-02-04 14:10:40,0.808084154033477,2.5652173913043477
0.82,0.14,-0.0,2025-02-04 14:10:40,0.8318653737234167,2.573913043478261
0.86,0.16,-0.0,2025-02-04 14:10:40,0.8747571091451615,2.5826086956521737
0.9,0.14,0.01,2025-02-04 14:10:40,0.9108786966440702,2.591304347826087
0.92,0.15,0.01,2025-02-04 14:10:40,0.9322016949137134,2.6
0.91,0.18,0.03,2025-02-04 14:10:40,0.9281163720137686,2.608695652173913
0.93,0.15,0.06,2025-02-04 14:10:40,0.9439279633531364,2.617391304347826
0.94,0.17,0.06,2025-02-04 14:10:40,0.9571311299921239,2.626086956521739
0.96,0.14,0.06,2025-02-04 14:10:40,0.9720082304178294,2.634782608695652
1.0,0.12,0.07,2025-02-04 14:10:40,1.0096038827183658,2.643478260869565
1.03,0.15,0.07,2025-02-04 14:10:40,1.043216180856106,2.6521739130434785
1.03,0.13,0.07,2025-02-04 14:10:40,1.0405287117614774,2.660869565217391
1.05,0.11,0.1,2025-02-04 14:10:40,1.0604715932074749,2.6695652173913045
1.06,0.14,0.11,2025-02-04 14:10:40,1.0748488265798126,2.6782608695652175
1.1,0.14,0.16,2025-02-04 14:10:40,1.1203570859328735,2.6869565217391305
1.16,0.15,0.18,2025-02-04 14:10:40,1.183427226321923,2.6956521739130435
1.2,0.16,0.16,2025-02-04 14:10:40,1.2211470017978998,2.7043478260869565
1.23,0.13,0.15,2025-02-04 14:10:40,1.24591331961738,2.7130434782608694
1.27,0.21,0.08,2025-02-04 14:10:40,1.289728653632228,2.7217391304347824
1.27,0.23,0.02,2025-02-04 14:10:40,1.2908136968594655,2.730434782608696
1.32,0.25,-0.01,2025-02-04 14:10:40,1.3435028842544403,2.739130434782609
1.38,0.3,-0.04,2025-02-04 14:10:40,1.4127986409959488,2.747826086956522
1.43,0.35,-0.05,2025-02-04 14:10:40,1.47305804366291,2.756521739130435
1.49,0.31,-0.05,2025-02-04 14:10:40,1.5227278154680173,2.765217391304348
1.55,0.3,-0.05,2025-02-04 14:10:40,1.5795568998931315,2.773913043478261
1.6,0.29,-0.07,2025-02-04 14:10:40,1.6275748830699006,2.782608695652174
1.62,0.27,-0.07,2025-02-04 14:10:40,1.6438369748852837,2.791304347826087
1.59,0.27,-0.05,2025-02-04 14:10:40,1.6135364885864838,2.8
1.54,0.25,-0.04,2025-02-04 14:10:40,1.5606729317829535,2.8086956521739133
1.48,0.25,-0.02,2025-02-04 14:10:40,1.5010995969621737,2.8173913043478263
1.42,0.27,-0.02,2025-02-04 14:10:40,1.4455794685869054,2.8260869565217392
1.34,0.27,-0.04,2025-02-04 14:10:40,1.3675159962501353,2.8347826086956522
1.26,0.3,-0.05,2025-02-04 14:10:40,1.2961867149450346,2.8434782608695652
1.18,0.32,-0.07,2025-02-04 14:10:40,1.224622390780113,2.8521739130434782
1.13,0.33,-0.07,2025-02-04 14:10:40,1.1792794410147238,2.860869565217391
1.1,0.33,-0.06,2025-02-04 14:10:40,1.1500000000000001,2.869565217391304
1.08,0.32,-0.05,2025-02-04 14:10:40,1.1275194011634568,2.878260869565217
1.08,0.3,-0.01,2025-02-04 14:10:40,1.120937107959229,2.8869565217391306
1.07,0.31,0.01,2025-02-04 14:10:40,1.1140466776576285,2.8956521739130436
1.05,0.29,0.03,2025-02-04 14:10:40,1.0897247358851685,2.9043478260869566
1.02,0.26,0.02,2025-02-04 14:10:40,1.0528057750601485,2.9130434782608696
1.0,0.26,0.01,2025-02-04 14:10:40,1.0332956982393762,2.9217391304347826
0.98,0.26,-0.0,2025-02-04 14:10:40,1.0139033484509261,2.9304347826086956
0.94,0.25,-0.02,2025-02-04 14:10:40,0.9728823155962903,2.9391304347826086
0.88,0.25,-0.04,2025-02-04 14:10:40,0.9156964562561111,2.9478260869565216
0.81,0.23,-0.05,2025-02-04 14:10:40,0.8435045939412541,2.9565217391304346
0.75,0.22,-0.06,2025-02-04 14:10:40,0.7839005038906405,2.965217391304348
0.68,0.21,-0.05,2025-02-04 14:10:40,0.7134423592694787,2.973913043478261
0.62,0.2,-0.04,2025-02-04 14:10:40,0.6526867548832288,2.982608695652174
0.58,0.19,-0.02,2025-02-04 14:10:40,0.6106553856308811,2.991304347826087
0.54,0.19,-0.02,2025-02-04 14:10:41,0.5728001396647875,3.0
0.51,0.18,-0.01,2025-02-04 14:10:41,0.5409251334519408,3.0088495575221237
0.5,0.2,0.01,2025-02-04 14:10:41,0.5386093203798092,3.017699115044248
0.5,0.22,0.02,2025-02-04 14:10:41,0.5466260147486579,3.0265486725663715
0.52,0.23,0.03,2025-02-04 14:10:41,0.5693856338194704,3.0353982300884956
0.54,0.25,0.03,2025-02-04 14:10:41,0.5958187643906493,3.0442477876106193
0.57,0.26,0.03,2025-02-04 14:10:41,0.6272160712226689,3.0530973451327434
0.6,0.27,0.02,2025-02-04 14:10:41,0.6582552696332936,3.061946902654867
0.65,0.28,0.01,2025-02-04 14:10:41,0.7078135347674556,3.0707964601769913
0.7,0.27,-0.01,2025-02-04 14:10:41,0.7503332592921628,3.079646017699115
0.75,0.27,-0.02,2025-02-04 14:10:41,0.7973706791699829,3.088495575221239
0.82,0.26,-0.02,2025-02-04 14:10:41,0.860464990571958,3.0973451327433628
0.89,0.25,-0.04,2025-02-04 14:10:41,0.9253107586103169,3.106194690265487
0.94,0.23,-0.06,2025-02-04 14:10:41,0.9695875411740809,3.1150442477876106
0.96,0.21,-0.08,2025-02-04 14:10:41,0.9859513172565875,3.1238938053097347
0.97,0.19,-0.09,2025-02-04 14:10:41,0.9925220400575495,3.1327433628318584
0.96,0.19,-0.1,2025-02-04 14:10:41,0.9837174391053561,3.1415929203539825
0.94,0.18,-0.11,2025-02-04 14:10:41,0.9633794683301071,3.150442477876106
0.94,0.18,-0.11,2025-02-04 14:10:41,0.9633794683301071,3.15929203539823
0.94,0.19,-0.1,2025-02-04 14:10:41,0.9642095207992918,3.168141592920354
0.94,0.2,-0.1,2025-02-04 14:10:41,0.966229786334493,3.1769911504424777
0.95,0.21,-0.09,2025-02-04 14:10:41,0.9770875088752287,3.185840707964602
0.95,0.22,-0.09,2025-02-04 14:10:41,0.9792854537876073,3.1946902654867255
0.95,0.22,-0.08,2025-02-04 14:10:41,0.978417088975862,3.2035398230088497
0.94,0.23,-0.08,2025-02-04 14:10:41,0.9710303805751908,3.2123893805309733
0.94,0.23,-0.08,2025-02-04 14:10:41,0.9710303805751908,3.2212389380530975
0.94,0.21,-0.1,2025-02-04 14:10:41,0.9683491106000975,3.230088495575221
0.96,0.2,-0.11,2025-02-04 14:10:41,0.9867623827447011,3.2389380530973453
0.99,0.19,-0.11,2025-02-04 14:10:41,1.014051280754578,3.247787610619469
1.04,0.18,-0.12,2025-02-04 14:10:41,1.06226173799116,3.256637168141593
1.09,0.19,-0.13,2025-02-04 14:10:41,1.1140466776576285,3.265486725663717
1.13,0.18,-0.14,2025-02-04 14:10:41,1.1527792503337313,3.274336283185841
1.15,0.18,-0.15,2025-02-04 14:10:41,1.173626857225072,3.2831858407079646
1.16,0.18,-0.17,2025-02-04 14:10:41,1.1861281549647154,3.2920353982300883
1.14,0.18,-0.17,2025-02-04 14:10:41,1.1665761869676579,3.3008849557522124
1.12,0.19,-0.15,2025-02-04 14:10:41,1.1458621208504975,3.309734513274336
1.09,0.2,-0.14,2025-02-04 14:10:41,1.11700492389246,3.3185840707964602
1.08,0.21,-0.11,2025-02-04 14:10:41,1.1057124400132252,3.327433628318584
1.13,0.22,-0.07,2025-02-04 14:10:41,1.153342967204465,3.336283185840708
1.23,0.21,-0.04,2025-02-04 14:10:41,1.2484390253432485,3.3451327433628317
1.32,0.18,-0.02,2025-02-04 14:10:41,1.3323663159957175,3.353982300884956
1.35,0.16,-0.03,2025-02-04 14:10:41,1.3597793938724032,3.3628318584070795
1.33,0.14,-0.03,2025-02-04 14:10:41,1.3376845667047221,3.3716814159292037
1.27,0.15,-0.04,2025-02-04 14:10:41,1.2794530081249564,3.3805309734513274
1.24,0.16,-0.05,2025-02-04 14:10:41,1.2512793453102309,3.3893805309734515
1.25,0.17,-0.05,2025-02-04 14:10:41,1.2624975247500487,3.398230088495575
1.28,0.17,-0.05,2025-02-04 14:10:41,1.2922074136917803,3.4070796460176993
1.3,0.17,-0.03,2025-02-04 14:10:41,1.311411453358556,3.415929203539823
1.28,0.18,-0.0,2025-02-04 14:10:41,1.292594290564522,3.4247787610619467
1.22,0.17,0.02,2025-02-04 14:10:41,1.2319496742968032,3.433628318584071
1.17,0.13,0.02,2025-02-04 14:10:41,1.177369950355452,3.442477876106195
1.13,0.1,0.01,2025-02-04 14:10:41,1.1344602240713422,3.4513274336283186
1.11,0.07,-0.0,2025-02-04 14:10:41,1.1122050170719426,3.4601769911504423
1.1,0.06,-0.01,2025-02-04 14:10:41,1.101680534456337,3.4690265486725664
1.09,0.06,-0.01,2025-02-04 14:10:41,1.0916959283610066,3.47787610619469
1.07,0.05,-0.0,2025-02-04 14:10:41,1.071167587261676,3.4867256637168142
1.06,0.04,0.01,2025-02-04 14:10:41,1.060801583709225,3.495575221238938
1.05,0.02,0.02,2025-02-04 14:10:41,1.050380883299006,3.504424778761062
1.04,-0.0,0.03,2025-02-04 14:10:41,1.0404326023342405,3.5132743362831858
1.02,-0.02,0.04,2025-02-04 14:10:41,1.0209799214480175,3.52212389380531
0.98,-0.04,0.04,2025-02-04 14:10:41,0.9816312953446421,3.5309734513274336
0.92,-0.07,0.04,2025-02-04 14:10:41,0.9235258523723091,3.5398230088495577
0.84,-0.1,0.04,2025-02-04 14:10:41,0.8468766143896052,3.5486725663716814
0.75,-0.12,0.04,2025-02-04 14:10:41,0.7605918747922568,3.557522123893805
0.66,-0.13,0.04,2025-02-04 14:10:41,0.6738694235532579,3.566371681415929
0.58,-0.14,0.07,2025-02-04 14:10:41,0.6007495318350236,3.5752212389380533
0.52,-0.09,0.09,2025-02-04 14:10:41,0.5353503525729669,3.584070796460177
0.47,-0.15,0.08,2025-02-04 14:10:41,0.49979995998399196,3.5929203539823007
0.44,-0.19,0.08,2025-02-04 14:10:41,0.48590122453025364,3.601769911504425
0.43,-0.08,0.1,2025-02-04 14:10:41,0.4486646854834911,3.6106194690265485
0.41,-0.07,0.1,2025-02-04 14:10:41,0.4277849927241487,3.6194690265486726
0.38,-0.09,0.09,2025-02-04 14:10:41,0.40074929819027755,3.6283185840707963
0.38,-0.02,0.08,2025-02-04 14:10:41,0.3888444419044716,3.6371681415929205
0.42,0.08,0.09,2025-02-04 14:10:41,0.4369210454990695,3.646017699115044
0.48,-0.07,0.06,2025-02-04 14:10:41,0.48877397639399744,3.6548672566371683
0.52,0.02,0.01,2025-02-04 14:10:41,0.5204805471869242,3.663716814159292
0.59,0.06,0.0,2025-02-04 14:10:41,0.5930430001273095,3.672566371681416
0.65,-0.01,0.0,2025-02-04 14:10:41,0.6500769185258003,3.6814159292035398
0.72,0.08,-0.04,2025-02-04 14:10:41,0.7255342858886822,3.6902654867256635
0.75,0.11,-0.06,2025-02-04 14:10:41,0.7603946343840151,3.6991150442477876
0.8,0.05,-0.04,2025-02-04 14:10:41,0.8025584090893323,3.7079646017699117
0.81,0.11,-0.05,2025-02-04 14:10:41,0.8189627586160436,3.7168141592920354
0.82,0.12,-0.06,2025-02-04 14:10:41,0.8309031231136395,3.725663716814159
0.85,0.08,-0.05,2025-02-04 14:10:41,0.8552192701290119,3.734513274336283
0.86,0.14,-0.03,2025-02-04 14:10:41,0.8718371407550839,3.7433628318584073
0.86,0.12,-0.01,2025-02-04 14:10:41,0.8683893136145792,3.752212389380531
0.89,0.12,0.01,2025-02-04 14:10:41,0.8981091247727082,3.7610619469026547
0.91,0.15,0.03,2025-02-04 14:10:41,0.922767576370128,3.769911504424779
0.91,0.1,0.05,2025-02-04 14:10:41,0.9168424073961675,3.7787610619469025
0.94,0.12,0.06,2025-02-04 14:10:41,0.9495261976375375,3.7876106194690267
0.95,0.14,0.06,2025-02-04 14:10:41,0.9621330469326994,3.7964601769911503
0.97,0.09,0.06,2025-02-04 14:10:41,0.976012295004525,3.8053097345132745
0.98,0.11,0.05,2025-02-04 14:10:41,0.9874208829065749,3.814159292035398
0.99,0.13,0.03,2025-02-04 14:10:41,0.9989494481704267,3.823008849557522
1.01,0.12,0.04,2025-02-04 14:10:41,1.0178899744078433,3.831858407079646
1.06,0.17,0.05,2025-02-04 14:10:41,1.074709263010234,3.84070796460177
1.11,0.16,0.06,2025-02-04 14:10:41,1.1230761327710603,3.849557522123894
1.19,0.17,0.09,2025-02-04 14:10:41,1.2054459755625715,3.8584070796460175
1.24,0.22,0.1,2025-02-04 14:10:41,1.2633289357883006,3.8672566371681416
1.27,0.22,0.12,2025-02-04 14:10:41,1.294488315899375,3.8761061946902657
1.29,0.24,0.14,2025-02-04 14:10:41,1.3195832675507826,3.8849557522123894
1.26,0.26,0.13,2025-02-04 14:10:41,1.2930970574554719,3.893805309734513
1.24,0.24,0.11,2025-02-04 14:10:41,1.2677933585565118,3.9026548672566372
1.26,0.22,0.07,2025-02-04 14:10:41,1.2809761902549166,3.911504424778761
1.31,0.2,0.04,2025-02-04 14:10:41,1.3257827876390613,3.920353982300885
1.38,0.18,0.02,2025-02-04 14:10:41,1.3918333233544884,3.9292035398230087
1.42,0.21,0.03,2025-02-04 14:10:41,1.4357576397150043,3.938053097345133
1.43,0.25,0.07,2025-02-04 14:10:41,1.4533753816547188,3.9469026548672566
1.43,0.27,0.11,2025-02-04 14:10:41,1.4594176920950357,3.9557522123893802
1.43,0.32,0.14,2025-02-04 14:10:41,1.4720394016465725,3.9646017699115044
1.44,0.34,0.15,2025-02-04 14:10:41,1.487178536692888,3.9734513274336285
1.46,0.35,0.15,2025-02-04 14:10:41,1.5088406145116853,3.982300884955752
1.46,0.35,0.12,2025-02-04 14:10:41,1.506154042586614,3.991150442477876
1.42,0.33,0.09,2025-02-04 14:10:42,1.4606163082753802,4.0
1.36,0.32,0.06,2025-02-04 14:10:42,1.3984276885130673,4.008695652173913
1.3,0.31,0.03,2025-02-04 14:10:42,1.3367871932360813,4.017391304347826
1.24,0.29,0.01,2025-02-04 14:10:42,1.2734991166074676,4.026086956521739
1.2,0.29,-0.0,2025-02-04 14:10:42,1.2345444503945575,4.034782608695652
1.19,0.28,-0.01,2025-02-04 14:10:42,1.2225383429569805,4.043478260869565
1.19,0.28,-0.02,2025-02-04 14:10:42,1.2226610323388898,4.052173913043478
1.21,0.28,-0.02,2025-02-04 14:10:42,1.2421352583354197,4.060869565217391
1.22,0.27,-0.02,2025-02-04 14:10:42,1.249679959029511,4.069565217391304
1.23,0.26,-0.03,2025-02-04 14:10:42,1.2575372757894694,4.078260869565217
1.21,0.26,-0.05,2025-02-04 14:10:42,1.238628273534881,4.086956521739131
1.18,0.24,-0.07,2025-02-04 14:10:42,1.2061923561356207,4.095652173913043
1.14,0.25,-0.08,2025-02-04 14:10:42,1.1698290473398238,4.104347826086957
1.09,0.25,-0.1,2025-02-04 14:10:42,1.1227644454648535,4.113043478260869
1.03,0.26,-0.1,2025-02-04 14:10:42,1.0670051546267245,4.121739130434783
0.95,0.28,-0.11,2025-02-04 14:10:42,0.9964938534682489,4.130434782608695
0.86,0.27,-0.12,2025-02-04 14:10:42,0.9093404203047393,4.139130434782609
0.77,0.26,-0.11,2025-02-04 14:10:42,0.820121942152507,4.147826086956521
0.7,0.26,-0.11,2025-02-04 14:10:42,0.7547847375245474,4.156521739130435
0.65,0.26,-0.1,2025-02-04 14:10:42,0.7071774883294858,4.165217391304348
0.59,0.27,-0.09,2025-02-04 14:10:42,0.6550572494064927,4.173913043478261
0.56,0.27,-0.09,2025-02-04 14:10:42,0.6281719509815764,4.182608695652174
0.53,0.21,-0.07,2025-02-04 14:10:42,0.5743692192309752,4.191304347826087
0.52,0.2,-0.06,2025-02-04 14:10:42,0.5603570290448759,4.2
0.51,0.19,-0.06,2025-02-04 14:10:42,0.5475399528801529,4.208695652173913
0.52,0.2,-0.05,2025-02-04 14:10:42,0.5593746508378798,4.217391304347826
0.54,0.22,-0.04,2025-02-04 14:10:42,0.5844655678480983,4.226086956521739
0.58,0.22,-0.03,2025-02-04 14:10:42,0.6210475022089695,4.234782608695652
0.62,0.22,-0.04,2025-02-04 14:10:42,0.6590902821313632,4.243478260869566
0.64,0.23,-0.03,2025-02-04 14:10:42,0.6807348970047004,4.252173913043478
0.67,0.23,-0.04,2025-02-04 14:10:42,0.7095068710026705,4.260869565217392
0.71,0.23,-0.06,2025-02-04 14:10:42,0.7487322618933954,4.269565217391304
0.74,0.24,-0.07,2025-02-04 14:10:42,0.7810889834071404,4.278260869565218
0.77,0.23,-0.09,2025-02-04 14:10:42,0.8086408349817612,4.28695652173913
0.8,0.22,-0.11,2025-02-04 14:10:42,0.8369587803470372,4.2956521739130435
0.83,0.22,-0.13,2025-02-04 14:10:42,0.8684468895678077,4.304347826086957
0.86,0.22,-0.13,2025-02-04 14:10:42,0.8971621926942753,4.3130434782608695
0.89,0.22,-0.14,2025-02-04 14:10:42,0.9274157643689264,4.321739130434783
0.91,0.22,-0.14,2025-02-04 14:10:42,0.9466255859631093,4.3304347826086955
0.91,0.21,-0.14,2025-02-04 14:10:42,0.944351629426243,4.339130434782609
0.91,0.21,-0.13,2025-02-04 14:10:42,0.9429209935090003,4.3478260869565215
0.9,0.2,-0.12,2025-02-04 14:10:42,0.9297311439335568,4.356521739130435
0.89,0.19,-0.11,2025-02-04 14:10:42,0.9166787877986488,4.3652173913043475
0.88,0.18,-0.11,2025-02-04 14:10:42,0.9049309365912959,4.373913043478261
0.88,0.16,-0.12,2025-02-04 14:10:42,0.9024411338142782,4.3826086956521735
0.91,0.16,-0.12,2025-02-04 14:10:42,0.9317188417113824,4.391304347826087
0.94,0.16,-0.13,2025-02-04 14:10:42,0.9623408959407264,4.4
0.99,0.16,-0.14,2025-02-04 14:10:42,1.0125709851659783,4.408695652173913
1.02,0.16,-0.14,2025-02-04 14:10:42,1.0419213022104885,4.417391304347826
1.06,0.17,-0.15,2025-02-04 14:10:42,1.08397416943394,4.426086956521739
1.1,0.18,-0.16,2025-02-04 14:10:42,1.1260550608207398,4.434782608695652
1.13,0.19,-0.17,2025-02-04 14:10:42,1.1584040745784692,4.443478260869565
1.14,0.2,-0.17,2025-02-04 14:10:42,1.1698290473398238,4.452173913043478
1.13,0.21,-0.16,2025-02-04 14:10:42,1.1604309544302926,4.460869565217392
1.09,0.22,-0.14,2025-02-04 14:10:42,1.1207586716149023,4.469565217391304
1.05,0.22,-0.12,2025-02-04 14:10:42,1.079490620616965,4.478260869565218
1.04,0.23,-0.09,2025-02-04 14:10:42,1.0689246933250256,4.48695652173913
1.08,0.24,-0.07,2025-02-04 14:10:42,1.1085576214162258,4.495652173913044
1.13,0.25,-0.05,2025-02-04 14:10:42,1.1584040745784692,4.504347826086956
1.17,0.25,-0.04,2025-02-04 14:10:42,1.1970797801316335,4.51304347826087
1.21,0.24,-0.04,2025-02-04 14:10:42,1.234220401711137,4.521739130434782
1.23,0.23,-0.04,2025-02-04 14:10:42,1.2519584657647393,4.530434782608696
1.26,0.24,-0.04,2025-02-04 14:10:42,1.2832770550430646,4.539130434782608
1.32,0.24,-0.05,2025-02-04 14:10:42,1.3425721582097554,4.547826086956522
1.37,0.24,-0.05,2025-02-04 14:10:42,1.3917614738165445,4.556521739130435
1.4,0.25,-0.05,2025-02-04 14:10:42,1.4230249470757708,4.565217391304348
1.37,0.24,-0.04,2025-02-04 14:10:42,1.3914381049834736,4.573913043478261
1.3,0.22,-0.02,2025-02-04 14:10:42,1.3186356585501546,4.582608695652174
1.24,0.19,-0.01,2025-02-04 14:10:42,1.2545118572576348,4.591304347826087
1.19,0.16,0.01,2025-02-04 14:10:42,1.20074976577137,4.6
1.16,0.16,0.04,2025-02-04 14:10:42,1.1716654812701448,4.608695652173913
1.16,0.17,0.07,2025-02-04 14:10:42,1.1744786077234441,4.6173913043478265
1.16,0.19,0.09,2025-02-04 14:10:42,1.1788977903109328,4.626086956521739
1.14,0.21,0.1,2025-02-04 14:10:42,1.1634861408714758,4.6347826086956525
1.12,0.22,0.1,2025-02-04 14:10:42,1.1457748469922004,4.643478260869565
1.1,0.22,0.1,2025-02-04 14:10:42,1.1262326580240871,4.6521739130434785
1.09,0.21,0.09,2025-02-04 14:10:42,1.113687568396092,4.660869565217391
1.08,0.18,0.08,2025-02-04 14:10:42,1.0978160137290767,4.6695652173913045
1.05,0.15,0.06,2025-02-04 14:10:42,1.0623558725775464,4.678260869565217
1.01,0.12,0.06,2025-02-04 14:10:42,1.0188719252192593,4.6869565217391305
0.95,0.07,0.07,2025-02-04 14:10:42,0.9551439682058407,4.695652173913043
0.86,0.02,0.09,2025-02-04 14:10:42,0.8649277426467484,4.7043478260869565
0.78,-0.01,0.1,2025-02-04 14:10:42,0.7864477096412704,4.71304347826087
0.69,-0.02,0.11,2025-02-04 14:10:42,0.6989992846920516,4.721739130434782
0.62,-0.02,0.12,2025-02-04 14:10:42,0.6318227599572526,4.730434782608696
0.55,-0.01,0.13,2025-02-04 14:10:42,0.5652433104425032,4.739130434782608
0.5,-0.0,0.14,2025-02-04 14:10:42,0.5192301994298868,4.747826086956522
0.46,0.0,0.12,2025-02-04 14:10:42,0.4753945729601885,4.756521739130434
0.44,-0.03,0.16,2025-02-04 14:10:42,0.46914816422959604,4.765217391304348
0.45,0.14,0.16,2025-02-04 14:10:42,0.49769468552517215,4.773913043478261
0.41,0.07,0.11,2025-02-04 14:10:42,0.430232495285979,4.782608695652174
0.39,0.07,0.1,2025-02-04 14:10:42,0.408656334834051,4.791304347826087
0.42,0.16,0.08,2025-02-04 14:10:42,0.45650848842053304,4.8
0.44,0.05,0.05,2025-02-04 14:10:42,0.44564559910314383,4.808695652173913
0.46,0.1,0.02,2025-02-04 14:10:42,0.4711687595755899,4.817391304347826
0.51,0.16,0.04,2025-02-04 14:10:42,0.5360037313302959,4.826086956521739
0.54,0.14,0.05,2025-02-04 14:10:42,0.5600892785976179,4.834782608695653
0.59,0.17,0.02,2025-02-04 14:10:42,0.6143289021363068,4.843478260869565
0.64,0.19,-0.01,2025-02-04 14:10:42,0.667682559304944,4.852173913043478
0.68,0.2,-0.02,2025-02-04 14:10:42,0.7090839160494334,4.860869565217391
0.71,0.23,-0.04,2025-02-04 14:10:42,0.7473954776421918,4.869565217391305
0.76,0.22,-0.04,2025-02-04 14:10:42,0.7922120928135344,4.878260869565217
0.82,0.24,-0.04,2025-02-04 14:10:42,0.8553361912137238,4.886956521739131
0.83,0.27,-0.04,2025-02-04 14:10:42,0.8737276463521112,4.895652173913043
0.86,0.24,-0.03,2025-02-04 14:10:42,0.8933644273195569,4.904347826086957
0.87,0.26,-0.02,2025-02-04 14:10:42,0.9082400563727632,4.913043478260869
0.87,0.26,-0.0,2025-02-04 14:10:42,0.9080198235721508,4.921739130434783
0.88,0.25,0.01,2025-02-04 14:10:42,0.9148770409186143,4.930434782608696
0.89,0.25,0.02,2025-02-04 14:10:42,0.9246621004453465,4.939130434782609
0.9,0.22,0.02,2025-02-04 14:10:42,0.9267146270562475,4.947826086956522
0.94,0.22,0.02,2025-02-04 14:10:42,0.9656086163658648,4.956521739130435
0.98,0.23,0.03,2025-02-04 14:10:42,1.0070749723828905,4.965217391304348
1.04,0.23,0.05,2025-02-04 14:10:42,1.066302021005306,4.973913043478261
1.12,0.25,0.06,2025-02-04 14:10:42,1.149130105775669,4.982608695652174
1.19,0.28,0.08,2025-02-04 14:10:42,1.225112239756015,4.9913043478260875
1.27,0.28,0.09,2025-02-04 14:10:43,1.3036103712382776,5.0
1.31,0.31,0.1,2025-02-04 14:10:43,1.3498888843160388,5.009009009009009
1.32,0.33,0.1,2025-02-04 14:10:43,1.364294689574067,5.018018018018018
1.32,0.34,0.09,2025-02-04 14:10:43,1.3660527076214886,5.027027027027027
1.27,0.33,0.07,2025-02-04 14:10:43,1.31403957322449,5.036036036036036
1.21,0.32,0.06,2025-02-04 14:10:43,1.2530363123229908,5.045045045045045
1.19,0.32,0.04,2025-02-04 14:10:43,1.232923355282071,5.054054054054054
1.21,0.3,0.03,2025-02-04 14:10:43,1.2469963913339925,5.063063063063063
1.28,0.29,0.04,2025-02-04 14:10:43,1.3130498848101697,5.072072072072072
1.34,0.29,0.05,2025-02-04 14:10:43,1.371932942967695,5.081081081081081
1.38,0.29,0.07,2025-02-04 14:10:43,1.411878181713989,5.09009009009009
1.42,0.3,0.08,2025-02-04 14:10:43,1.4535473848485299,5.099099099099099
1.45,0.3,0.08,2025-02-04 14:10:43,1.482868841131946,5.108108108108108
1.49,0.31,0.06,2025-02-04 14:10:43,1.5230889665413507,5.117117117117117
1.5,0.33,0.05,2025-02-04 14:10:43,1.53668474320532,5.126126126126126
1.49,0.36,0.03,2025-02-04 14:10:43,1.533166657607711,5.135135135135135
1.43,0.39,0.01,2025-02-04 14:10:43,1.4822617852457776,5.1441441441441444
1.37,0.41,-0.01,2025-02-04 14:10:43,1.4300699283601486,5.153153153153153
1.31,0.42,-0.03,2025-02-04 14:10:43,1.3760087209025966,5.162162162162162
1.25,0.4,-0.06,2025-02-04 14:10:43,1.3138112497615477,5.171171171171171
1.2,0.38,-0.08,2025-02-04 14:10:43,1.261269202034205,5.18018018018018
1.18,0.36,-0.1,2025-02-04 14:10:43,1.237739875741264,5.1891891891891895
1.17,0.35,-0.1,2025-02-04 14:10:43,1.2253162856993292,5.198198198198198
1.18,0.33,-0.09,2025-02-04 14:10:43,1.228576411950026,5.207207207207207
1.17,0.3,-0.08,2025-02-04 14:10:43,1.210495766204905,5.216216216216216
1.15,0.28,-0.06,2025-02-04 14:10:43,1.1851160280748885,5.225225225225225
1.13,0.26,-0.04,2025-02-04 14:10:43,1.1602154972245458,5.2342342342342345
1.1,0.24,-0.04,2025-02-04 14:10:43,1.126587768440613,5.243243243243243
1.07,0.25,-0.05,2025-02-04 14:10:43,1.0999545445153631,5.252252252252252
1.03,0.29,-0.08,2025-02-04 14:10:43,1.0730330842988953,5.261261261261261
1.0,0.34,-0.09,2025-02-04 14:10:43,1.0600471687618434,5.27027027027027
0.96,0.35,-0.1,2025-02-04 14:10:43,1.0266937225872184,5.2792792792792795
0.91,0.37,-0.1,2025-02-04 14:10:43,0.987420882906575,5.288288288288288
0.86,0.35,-0.09,2025-02-04 14:10:43,0.9328451104015071,5.297297297297297
0.81,0.32,-0.08,2025-02-04 14:10:43,0.8745856161634492,5.306306306306306
0.75,0.27,-0.08,2025-02-04 14:10:43,0.8011242100947892,5.315315315315315
0.7,0.28,-0.06,2025-02-04 14:10:43,0.7563068160475614,5.324324324324325
0.67,0.26,-0.06,2025-02-04 14:10:43,0.7211795892841117,5.333333333333333
0.61,0.13,-0.06,2025-02-04 14:10:43,0.6265780079128217,5.342342342342342
0.58,0.14,-0.05,2025-02-04 14:10:43,0.5987486951969081,5.351351351351352
0.56,0.14,-0.05,2025-02-04 14:10:43,0.579396237474839,5.36036036036036
0.54,0.13,-0.07,2025-02-04 14:10:43,0.5598214000911362,5.36936936936937
0.53,0.16,-0.08,2025-02-04 14:10:43,0.55937465083788,5.378378378378378
0.53,0.2,-0.07,2025-02-04 14:10:43,0.5707889277132135,5.387387387387387
0.54,0.25,-0.06,2025-02-04 14:10:43,0.5980802621722272,5.396396396396397
0.57,0.3,-0.06,2025-02-04 14:10:43,0.6469157595854347,5.405405405405405
0.59,0.3,-0.06,2025-02-04 14:10:43,0.6646051459325303,5.414414414414415
0.62,0.28,-0.07,2025-02-04 14:10:43,0.6838859554048468,5.423423423423423
0.64,0.28,-0.08,2025-02-04 14:10:43,0.7031358332498778,5.4324324324324325
0.67,0.26,-0.07,2025-02-04 14:10:43,0.722080327941428,5.441441441441442
0.7,0.26,-0.07,2025-02-04 14:10:43,0.75,5.45045045045045
0.75,0.24,-0.08,2025-02-04 14:10:43,0.7915175298121956,5.45945945945946
0.79,0.22,-0.09,2025-02-04 14:10:43,0.8249848483457136,5.468468468468468
0.83,0.22,-0.1,2025-02-04 14:10:43,0.8644651525654461,5.4774774774774775
0.87,0.23,-0.11,2025-02-04 14:10:43,0.9065870063044142,5.486486486486487
0.88,0.25,-0.11,2025-02-04 14:10:43,0.9214119599831554,5.495495495495495
0.89,0.27,-0.11,2025-02-04 14:10:43,0.9365361712181757,5.504504504504505
0.89,0.29,-0.11,2025-02-04 14:10:43,0.9424966843443005,5.513513513513513
0.88,0.3,-0.1,2025-02-04 14:10:43,0.9350935782048767,5.5225225225225225
0.86,0.3,-0.1,2025-02-04 14:10:43,0.9162968951164245,5.531531531531532
0.86,0.29,-0.11,2025-02-04 14:10:43,0.9142209798511517,5.54054054054054
0.87,0.28,-0.12,2025-02-04 14:10:43,0.9217917335276987,5.54954954954955
0.89,0.27,-0.13,2025-02-04 14:10:43,0.9390953093270139,5.558558558558558
0.92,0.27,-0.14,2025-02-04 14:10:43,0.9689685237405805,5.5675675675675675
0.96,0.26,-0.15,2025-02-04 14:10:43,1.005832988124768,5.576576576576577
1.0,0.26,-0.15,2025-02-04 14:10:43,1.0440785411069418,5.585585585585585
1.05,0.26,-0.15,2025-02-04 14:10:43,1.0920622692868756,5.594594594594595
1.12,0.26,-0.15,2025-02-04 14:10:43,1.1595257651298656,5.603603603603603
1.16,0.26,-0.15,2025-02-04 14:10:43,1.1982069938036584,5.612612612612613
1.17,0.26,-0.14,2025-02-04 14:10:43,1.2066896867049126,5.621621621621622
1.14,0.27,-0.13,2025-02-04 14:10:43,1.1787281281109736,5.63063063063063
1.1,0.28,-0.11,2025-02-04 14:10:43,1.140394668524893,5.63963963963964
1.05,0.29,-0.09,2025-02-04 14:10:43,1.093023330034634,5.648648648648649
1.03,0.29,-0.06,2025-02-04 14:10:43,1.0717275773255068,5.657657657657658
1.04,0.29,-0.06,2025-02-04 14:10:43,1.0813417591122616,5.666666666666667
1.06,0.31,-0.05,2025-02-04 14:10:43,1.105531546361297,5.675675675675675
1.09,0.31,-0.04,2025-02-04 14:10:43,1.1339312148450629,5.684684684684685
1.11,0.31,-0.04,2025-02-04 14:10:43,1.1531695452100703,5.693693693693694
1.13,0.28,-0.05,2025-02-04 14:10:43,1.1652467549836814,5.702702702702703
1.15,0.26,-0.06,2025-02-04 14:10:43,1.1805507189443407,5.711711711711712
1.18,0.24,-0.07,2025-02-04 14:10:43,1.2061923561356207,5.7207207207207205
1.21,0.23,-0.06,2025-02-04 14:10:43,1.2331261087171903,5.72972972972973
1.23,0.22,-0.05,2025-02-04 14:10:43,1.2505198918849711,5.738738738738739
1.23,0.21,-0.03,2025-02-04 14:10:43,1.248158643762883,5.747747747747748
1.21,0.18,-0.02,2025-02-04 14:10:43,1.2234786471369248,5.756756756756757
1.19,0.16,-0.0,2025-02-04 14:10:43,1.200708124399931,5.7657657657657655
1.16,0.16,-0.01,2025-02-04 14:10:43,1.1710251918724892,5.774774774774775
1.15,0.17,-0.04,2025-02-04 14:10:43,1.1631852818876276,5.783783783783784
1.14,0.19,-0.08,2025-02-04 14:10:43,1.1584903970253702,5.792792792792793
1.14,0.21,-0.12,2025-02-04 14:10:43,1.165375475973302,5.801801801801802
1.14,0.23,-0.11,2025-02-04 14:10:43,1.1681609478149833,5.8108108108108105
1.14,0.23,-0.07,2025-02-04 14:10:43,1.1650751048752177,5.81981981981982
1.13,0.23,-0.02,2025-02-04 14:10:43,1.153342967204465,5.828828828828829
1.13,0.2,0.03,2025-02-04 14:10:43,1.147954702939101,5.837837837837838
1.13,0.15,0.06,2025-02-04 14:10:43,1.1414902540100813,5.846846846846847
1.13,0.08,0.07,2025-02-04 14:10:43,1.1349889867307081,5.8558558558558556
1.11,0.02,0.08,2025-02-04 14:10:43,1.113058848399311,5.864864864864865
1.05,-0.02,0.07,2025-02-04 14:10:43,1.0525207836427743,5.873873873873874
0.97,-0.03,0.05,2025-02-04 14:10:43,0.9717509969122748,5.882882882882883
0.89,-0.03,0.05,2025-02-04 14:10:43,0.8919080670113932,5.891891891891892
0.63,-0.05,0.17,2025-02-04 14:10:43,0.654446330878247,5.900900900900901
0.55,-0.07,0.3,2025-02-04 14:10:43,0.6303967004989796,5.90990990990991
0.49,-0.03,0.32,2025-02-04 14:10:43,0.5860034129593444,5.918918918918919
0.5,0.19,0.37,2025-02-04 14:10:43,0.650384501660364,5.927927927927928
0.47,0.08,0.33,2025-02-04 14:10:43,0.5798275605729689,5.936936936936937
0.44,0.1,0.27,2025-02-04 14:10:43,0.5258326730053963,5.945945945945946
0.45,0.07,0.23,2025-02-04 14:10:43,0.5101960407529639,5.954954954954955
0.47,0.09,0.2,2025-02-04 14:10:43,0.5186520991955976,5.963963963963964
0.48,0.08,0.13,2025-02-04 14:10:43,0.5036864103785211,5.972972972972973
0.49,0.16,0.06,2025-02-04 14:10:43,0.5189412298131648,5.981981981981982
0.54,0.19,0.06,2025-02-04 14:10:43,0.5755866572463264,5.990990990990991
0.61,0.21,0.03,2025-02-04 14:10:44,0.6458327956987009,6.0
0.66,0.23,-0.01,2025-02-04 14:10:44,0.6989992846920517,6.008849557522124
0.7,0.22,-0.06,2025-02-04 14:10:44,0.7362064927722385,6.017699115044247
0.74,0.23,-0.1,2025-02-04 14:10:44,0.7813449942247023,6.0265486725663715
0.78,0.23,-0.13,2025-02-04 14:10:44,0.8235289915965315,6.035398230088496
0.83,0.22,-0.12,2025-02-04 14:10:44,0.8670063436907482,6.04424778761062
0.89,0.24,-0.1,2025-02-04 14:10:44,0.9272000862812729,6.053097345132743
0.93,0.26,-0.1,2025-02-04 14:10:44,0.97082439194738,6.061946902654867
0.98,0.25,-0.08,2025-02-04 14:10:44,1.0145442326483356,6.070796460176991
0.99,0.28,-0.06,2025-02-04 14:10:44,1.030582359639442,6.079646017699115
0.97,0.26,-0.04,2025-02-04 14:10:44,1.0050373127401788,6.088495575221239
0.98,0.23,-0.01,2025-02-04 14:10:44,1.006677704133751,6.097345132743363
1.0,0.24,0.01,2025-02-04 14:10:44,1.0284454287904634,6.106194690265487
1.0,0.23,0.04,2025-02-04 14:10:44,1.0268885041717042,6.115044247787611
1.05,0.23,0.06,2025-02-04 14:10:44,1.0765686229869418,6.123893805309734
1.11,0.25,0.08,2025-02-04 14:10:44,1.1406138698087096,6.132743362831858
1.15,0.26,0.11,2025-02-04 14:10:44,1.184145261359433,6.1415929203539825
1.2,0.28,0.12,2025-02-04 14:10:44,1.2380630032433728,6.150442477876107
1.23,0.3,0.11,2025-02-04 14:10:44,1.2708265027138834,6.15929203539823
1.27,0.32,0.11,2025-02-04 14:10:44,1.3143059004660977,6.168141592920354
1.28,0.34,0.09,2025-02-04 14:10:44,1.3274411474713295,6.176991150442478
1.25,0.34,0.07,2025-02-04 14:10:44,1.297304898626379,6.185840707964601
1.2,0.33,0.03,2025-02-04 14:10:44,1.2449096352747857,6.1946902654867255
1.16,0.32,-0.0,2025-02-04 14:10:44,1.2033287165193058,6.20353982300885
1.16,0.3,-0.03,2025-02-04 14:10:44,1.1985407794480754,6.212389380530974
1.19,0.28,-0.04,2025-02-04 14:10:44,1.2231516668017912,6.221238938053097
1.23,0.27,-0.06,2025-02-04 14:10:44,1.2607140833670416,6.230088495575221
1.27,0.26,-0.06,2025-02-04 14:10:44,1.2977287852244013,6.238938053097345
1.32,0.26,-0.04,2025-02-04 14:10:44,1.3459569086712992,6.247787610619469
1.36,0.28,-0.03,2025-02-04 14:10:44,1.3888484438555564,6.256637168141593
1.39,0.28,-0.01,2025-02-04 14:10:44,1.4179562757715767,6.265486725663717
1.41,0.31,0.01,2025-02-04 14:10:44,1.4437104972950774,6.274336283185841
1.41,0.32,0.02,2025-02-04 14:10:44,1.4459944674859582,6.283185840707965
1.39,0.34,0.03,2025-02-04 14:10:44,1.4312931216211444,6.292035398230088
1.34,0.35,0.02,2025-02-04 14:10:44,1.3850992744204296,6.300884955752212
1.26,0.33,0.02,2025-02-04 14:10:44,1.3026511428621248,6.3097345132743365
1.2,0.29,-0.01,2025-02-04 14:10:44,1.2345849504995596,6.31858407079646
1.15,0.27,-0.06,2025-02-04 14:10:44,1.1827933040053955,6.327433628318584
1.14,0.26,-0.07,2025-02-04 14:10:44,1.1713667231059621,6.336283185840708
1.17,0.25,-0.07,2025-02-04 14:10:44,1.1984573417523043,6.345132743362832
1.19,0.24,-0.08,2025-02-04 14:10:44,1.2165936051122412,6.353982300884955
1.21,0.27,-0.06,2025-02-04 14:10:44,1.2412090879461042,6.3628318584070795
1.22,0.21,-0.03,2025-02-04 14:10:44,1.238305293536291,6.371681415929204
1.19,0.24,-0.03,2025-02-04 14:10:44,1.2143310915891101,6.380530973451328
1.18,0.24,-0.0,2025-02-04 14:10:44,1.2041594578792296,6.389380530973451
1.16,0.34,-0.0,2025-02-04 14:10:44,1.208801058900926,6.398230088495575
1.12,0.24,0.01,2025-02-04 14:10:44,1.1454693361238442,6.407079646017699
1.06,0.34,-0.01,2025-02-04 14:10:44,1.1132385189167684,6.415929203539823
0.99,0.32,-0.02,2025-02-04 14:10:44,1.0406248123122954,6.424778761061947
0.91,0.23,-0.05,2025-02-04 14:10:44,0.939946807005588,6.433628318584071
0.81,0.21,-0.05,2025-02-04 14:10:44,0.8382720322186588,6.442477876106195
0.73,0.23,-0.07,2025-02-04 14:10:44,0.7685701009016679,6.451327433628318
0.69,0.21,-0.05,2025-02-04 14:10:44,0.7229799443967999,6.460176991150442
0.62,0.2,-0.02,2025-02-04 14:10:44,0.6517668294720129,6.469026548672566
0.59,0.19,-0.01,2025-02-04 14:10:44,0.6199193495931548,6.477876106194691
0.57,0.2,-0.0,2025-02-04 14:10:44,0.6040695324215583,6.486725663716814
0.57,0.21,0.01,2025-02-04 14:10:44,0.6075360071633614,6.495575221238938
0.59,0.21,0.01,2025-02-04 14:10:44,0.6263385665915838,6.504424778761062
0.6,0.23,0.0,2025-02-04 14:10:44,0.6425729530566938,6.513274336283186
0.62,0.21,-0.0,2025-02-04 14:10:44,0.6545991139621257,6.522123893805309
0.65,0.22,-0.01,2025-02-04 14:10:44,0.6862943974709396,6.530973451327434
0.67,0.22,-0.02,2025-02-04 14:10:44,0.7054785609782909,6.539823008849558
0.71,0.2,-0.02,2025-02-04 14:10:44,0.7379024325749306,6.548672566371682
0.75,0.22,-0.04,2025-02-04 14:10:44,0.7826237921249264,6.557522123893805
0.77,0.22,-0.05,2025-02-04 14:10:44,0.8023714850367004,6.566371681415929
0.81,0.19,-0.06,2025-02-04 14:10:44,0.8341462701469091,6.575221238938053
0.84,0.2,-0.07,2025-02-04 14:10:44,0.8663140308225418,6.584070796460177
0.86,0.19,-0.08,2025-02-04 14:10:44,0.8843641783790205,6.592920353982301
0.89,0.17,-0.09,2025-02-04 14:10:44,0.9105492847726586,6.601769911504425
0.9,0.16,-0.11,2025-02-04 14:10:44,0.9207062506576134,6.610619469026549
0.9,0.15,-0.11,2025-02-04 14:10:44,0.9190212184710427,6.619469026548672
0.89,0.16,-0.11,2025-02-04 14:10:44,0.9109335870413385,6.628318584070796
0.88,0.17,-0.11,2025-02-04 14:10:44,0.9029950165975447,6.6371681415929205
0.86,0.17,-0.11,2025-02-04 14:10:44,0.8835157044444654,6.646017699115045
0.84,0.19,-0.1,2025-02-04 14:10:44,0.8670063436907482,6.654867256637168
0.82,0.2,-0.09,2025-02-04 14:10:44,0.8488227141164402,6.663716814159292
0.82,0.21,-0.09,2025-02-04 14:10:44,0.8512343978012167,6.672566371681416
0.81,0.21,-0.09,2025-02-04 14:10:44,0.8416056083463324,6.68141592920354
0.82,0.21,-0.09,2025-02-04 14:10:44,0.8512343978012167,6.6902654867256635
0.85,0.21,-0.1,2025-02-04 14:10:44,0.8812491134747313,6.699115044247788
0.87,0.22,-0.1,2025-02-04 14:10:44,0.9029396436085858,6.707964601769912
0.9,0.21,-0.11,2025-02-04 14:10:44,0.9306986622962343,6.716814159292035
0.93,0.22,-0.11,2025-02-04 14:10:44,0.9619771307052991,6.725663716814159
0.97,0.22,-0.11,2025-02-04 14:10:44,1.00069975517135,6.734513274336283
1.0,0.21,-0.1,2025-02-04 14:10:44,1.0266937225872184,6.743362831858407
1.04,0.21,-0.13,2025-02-04 14:10:44,1.0689246933250256,6.752212389380531
1.05,0.2,-0.12,2025-02-04 14:10:44,1.0755928597754822,6.761061946902655
1.06,0.2,-0.11,2025-02-04 14:10:44,1.0842970072816767,6.769911504424779
1.05,0.21,-0.09,2025-02-04 14:10:44,1.074569681314339,6.778761061946903
1.02,0.21,-0.06,2025-02-04 14:10:44,1.0431203190428227,6.787610619469026
1.0,0.22,-0.04,2025-02-04 14:10:44,1.02469507659596,6.79646017699115
0.99,0.22,-0.03,2025-02-04 14:10:44,1.0145935146648632,6.8053097345132745
1.02,0.22,-0.03,2025-02-04 14:10:44,1.0438869670610893,6.814159292035399
1.09,0.23,-0.02,2025-02-04 14:10:44,1.1141813137905339,6.823008849557522
1.18,0.25,0.01,2025-02-04 14:10:44,1.2062338081814818,6.831858407079646
1.29,0.24,0.02,2025-02-04 14:10:44,1.3122880781291888,6.84070796460177
1.38,0.21,0.02,2025-02-04 14:10:44,1.3960300856356926,6.849557522123893
1.44,0.19,-0.01,2025-02-04 14:10:44,1.4525150601628887,6.8584070796460175
1.48,0.18,-0.04,2025-02-04 14:10:44,1.4914422550001725,6.867256637168142
1.49,0.19,-0.08,2025-02-04 14:10:44,1.504194136406601,6.876106194690266
1.47,0.19,-0.11,2025-02-04 14:10:44,1.4863041411501212,6.88495575221239
1.42,0.19,-0.11,2025-02-04 14:10:44,1.4368716017793655,6.893805309734513
1.33,0.18,-0.1,2025-02-04 14:10:44,1.3458454591816997,6.902654867256637
1.2,0.17,-0.08,2025-02-04 14:10:44,1.2146192819151191,6.911504424778761
1.08,0.14,-0.03,2025-02-04 14:10:44,1.0894494022211403,6.920353982300885
1.0,0.13,0.01,2025-02-04 14:10:44,1.0084641788382966,6.929203539823009
0.95,0.12,0.06,2025-02-04 14:10:44,0.9594269122762817,6.938053097345133
0.96,0.13,0.1,2025-02-04 14:10:44,0.973909646733207,6.946902654867257
0.99,0.15,0.13,2025-02-04 14:10:44,1.0097029266076234,6.95575221238938
1.02,0.15,0.13,2025-02-04 14:10:44,1.0391342550411857,6.964601769911504
1.05,0.15,0.14,2025-02-04 14:10:44,1.0698598038995577,6.9734513274336285
1.08,0.13,0.14,2025-02-04 14:10:44,1.0967679791095288,6.982300884955752
1.1,0.1,0.13,2025-02-04 14:10:44,1.1121600604229591,6.991150442477876
1.09,0.07,0.11,2025-02-04 14:10:45,1.0977704678119193,7.0
1.05,0.05,0.09,2025-02-04 14:10:45,1.055035544424926,7.008849557522124
1.01,0.04,0.09,2025-02-04 14:10:45,1.0147906187977893,7.017699115044247
0.96,0.03,0.12,2025-02-04 14:10:45,0.9679359482941007,7.0265486725663715
0.91,0.04,0.15,2025-02-04 14:10:45,0.9231467922275417,7.035398230088496
0.84,0.07,0.15,2025-02-04 14:10:45,0.8561541917201596,7.04424778761062
0.77,0.05,0.15,2025-02-04 14:10:45,0.7860661549767932,7.053097345132743
0.71,0.06,0.17,2025-02-04 14:10:45,0.7325298628724976,7.061946902654867
0.65,0.13,0.19,2025-02-04 14:10:45,0.6895650803223725,7.070796460176991
0.59,0.11,0.19,2025-02-04 14:10:45,0.6295236294214857,7.079646017699115
0.54,0.1,0.18,2025-02-04 14:10:45,0.5779273310719956,7.088495575221239
0.51,0.13,0.18,2025-02-04 14:10:45,0.5562373594069352,7.097345132743363
0.49,0.13,0.17,2025-02-04 14:10:45,0.534696175411794,7.106194690265487
0.47,0.14,0.16,2025-02-04 14:10:45,0.5158488150611572,7.115044247787611
0.48,0.14,0.16,2025-02-04 14:10:45,0.5249761899362675,7.123893805309734
0.51,0.12,0.15,2025-02-04 14:10:45,0.5449770637375485,7.132743362831858
0.54,0.12,0.12,2025-02-04 14:10:45,0.5660388679233963,7.1415929203539825
0.57,0.13,0.1,2025-02-04 14:10:45,0.5931273050534767,7.150442477876107
0.61,0.14,0.07,2025-02-04 14:10:45,0.6297618597533515,7.15929203539823
0.64,0.15,0.05,2025-02-04 14:10:45,0.6592419889539805,7.168141592920354
0.67,0.17,0.03,2025-02-04 14:10:45,0.6918814927427963,7.176991150442478
0.7,0.19,0.01,2025-02-04 14:10:45,0.7253964433328853,7.185840707964601
0.73,0.21,-0.0,2025-02-04 14:10:45,0.7596051605933177,7.1946902654867255
0.75,0.22,-0.01,2025-02-04 14:10:45,0.7816648898345121,7.20353982300885
0.77,0.23,-0.01,2025-02-04 14:10:45,0.8036790404135222,7.212389380530974
0.8,0.24,-0.01,2025-02-04 14:10:45,0.8352843827104636,7.221238938053097
0.83,0.26,-0.01,2025-02-04 14:10:45,0.8698275691193054,7.230088495575221
0.86,0.27,0.0,2025-02-04 14:10:45,0.9013878188659973,7.238938053097345
0.88,0.27,0.0,2025-02-04 14:10:45,0.9204890004774636,7.247787610619469
0.88,0.28,0.01,2025-02-04 14:10:45,0.9235258523723091,7.256637168141593
0.89,0.27,0.02,2025-02-04 14:10:45,0.9302687783646186,7.265486725663717
0.88,0.26,0.04,2025-02-04 14:10:45,0.9184770002564028,7.274336283185841
0.88,0.24,0.05,2025-02-04 14:10:45,0.9135097153287424,7.283185840707965
0.88,0.21,0.05,2025-02-04 14:10:45,0.9060905032059435,7.292035398230088
0.89,0.19,0.05,2025-02-04 14:10:45,0.9114274518577987,7.300884955752212
0.92,0.18,0.05,2025-02-04 14:10:45,0.9387757985802574,7.3097345132743365
0.94,0.18,0.04,2025-02-04 14:10:45,0.9579144011862437,7.31858407079646
0.97,0.19,0.04,2025-02-04 14:10:45,0.9892421341612982,7.327433628318584
1.01,0.2,0.05,2025-02-04 14:10:45,1.030824912388132,7.336283185840708
1.05,0.22,0.05,2025-02-04 14:10:45,1.0739646176667088,7.345132743362832
1.11,0.24,0.07,2025-02-04 14:10:45,1.1378049041905207,7.353982300884955
1.17,0.26,0.09,2025-02-04 14:10:45,1.2019151384353222,7.3628318584070795
1.21,0.27,0.1,2025-02-04 14:10:45,1.243784547258889,7.371681415929204
1.22,0.25,0.08,2025-02-04 14:10:45,1.2479182665543445,7.380530973451328
1.21,0.23,0.06,2025-02-04 14:10:45,1.2331261087171903,7.389380530973451
1.22,0.23,0.03,2025-02-04 14:10:45,1.2418534535121284,7.398230088495575
1.27,0.25,0.02,2025-02-04 14:10:45,1.294526940623485,7.407079646017699
1.32,0.27,0.0,2025-02-04 14:10:45,1.3473306943731371,7.415929203539823
1.36,0.27,-0.0,2025-02-04 14:10:45,1.3865424623862048,7.424778761061947
1.38,0.27,0.01,2025-02-04 14:10:45,1.4062005546862792,7.433628318584071
1.4,0.28,0.04,2025-02-04 14:10:45,1.42828568570857,7.442477876106195
1.42,0.29,0.08,2025-02-04 14:10:45,1.4515164484083534,7.451327433628318
1.43,0.32,0.12,2025-02-04 14:10:45,1.4702720836634284,7.460176991150442
1.45,0.3,0.17,2025-02-04 14:10:45,1.4904361777681057,7.469026548672566
1.45,0.25,0.22,2025-02-04 14:10:45,1.4877499789951267,7.477876106194691
1.42,0.21,0.25,2025-02-04 14:10:45,1.4570518178843195,7.486725663716814
1.37,0.19,0.24,2025-02-04 14:10:45,1.4037806096395549,7.495575221238938
1.31,0.18,0.19,2025-02-04 14:10:45,1.3358892169637422,7.504424778761062
1.26,0.19,0.16,2025-02-04 14:10:45,1.2842507543311004,7.513274336283186
1.21,0.2,0.12,2025-02-04 14:10:45,1.23227432010896,7.522123893805309
1.17,0.2,0.09,2025-02-04 14:10:45,1.1903780911962383,7.530973451327434
1.14,0.2,0.06,2025-02-04 14:10:45,1.1589650555560336,7.539823008849558
1.13,0.18,0.04,2025-02-04 14:10:45,1.1449454135459907,7.548672566371682
1.12,0.19,0.02,2025-02-04 14:10:45,1.136177802986839,7.557522123893805
1.11,0.2,0.01,2025-02-04 14:10:45,1.127918436767482,7.566371681415929
1.1,0.23,-0.0,2025-02-04 14:10:45,1.1237882362794158,7.575221238938053
1.09,0.22,0.0,2025-02-04 14:10:45,1.1119802156513399,7.584070796460177
1.07,0.25,-0.03,2025-02-04 14:10:45,1.0992270011239715,7.592920353982301
1.05,0.25,-0.01,2025-02-04 14:10:45,1.0793979803575695,7.601769911504425
1.01,0.21,-0.05,2025-02-04 14:10:45,1.032811696293182,7.610619469026549
0.99,0.22,-0.07,2025-02-04 14:10:45,1.0165628362280414,7.619469026548672
0.96,0.26,-0.08,2025-02-04 14:10:45,0.9977975746613137,7.628318584070796
0.91,0.29,-0.08,2025-02-04 14:10:45,0.9584362263604188,7.6371681415929205
0.86,0.32,-0.09,2025-02-04 14:10:45,0.9220086767487603,7.646017699115045
0.82,0.3,-0.09,2025-02-04 14:10:45,0.8777812939451375,7.654867256637168
0.79,0.32,-0.09,2025-02-04 14:10:45,0.8570880934886449,7.663716814159292
0.75,0.33,-0.1,2025-02-04 14:10:45,0.8254695633395577,7.672566371681416
0.72,0.31,-0.1,2025-02-04 14:10:45,0.7902531240052139,7.68141592920354
0.71,0.32,-0.11,2025-02-04 14:10:45,0.7865112840894274,7.6902654867256635
0.69,0.3,-0.11,2025-02-04 14:10:45,0.7603946343840151,7.699115044247788
0.7,0.28,-0.11,2025-02-04 14:10:45,0.7619055059520176,7.707964601769912
0.72,0.27,-0.11,2025-02-04 14:10:45,0.776788259437538,7.716814159292035
0.73,0.26,-0.1,2025-02-04 14:10:45,0.7813449942247022,7.725663716814159
0.75,0.25,-0.1,2025-02-04 14:10:45,0.7968688725254613,7.734513274336283
0.76,0.25,-0.1,2025-02-04 14:10:45,0.8062877898120497,7.743362831858407
0.76,0.23,-0.11,2025-02-04 14:10:45,0.8016233529532433,7.752212389380531
0.76,0.23,-0.11,2025-02-04 14:10:45,0.8016233529532433,7.761061946902655
0.76,0.23,-0.11,2025-02-04 14:10:45,0.8016233529532433,7.769911504424779
0.77,0.22,-0.11,2025-02-04 14:10:45,0.8083316151184488,7.778761061946903
0.79,0.23,-0.11,2025-02-04 14:10:45,0.830120473184465,7.787610619469026
0.81,0.25,-0.11,2025-02-04 14:10:45,0.8548099203916624,7.79646017699115
0.82,0.26,-0.1,2025-02-04 14:10:45,0.8660254037844386,7.8053097345132745
0.83,0.27,-0.1,2025-02-04 14:10:45,0.878521485223896,7.814159292035399
0.84,0.27,-0.09,2025-02-04 14:10:45,0.8869047299456689,7.823008849557522
0.86,0.27,-0.08,2025-02-04 14:10:45,0.9049309365912959,7.831858407079646
0.88,0.27,-0.08,2025-02-04 14:10:45,0.9239588735436226,7.84070796460177
0.88,0.27,-0.08,2025-02-04 14:10:45,0.9239588735436226,7.849557522123893
0.87,0.27,-0.09,2025-02-04 14:10:45,0.9153687781435415,7.8584070796460175
0.86,0.27,-0.09,2025-02-04 14:10:45,0.905869747811461,7.867256637168142
0.86,0.25,-0.1,2025-02-04 14:10:45,0.9011659114724657,7.876106194690266
0.88,0.25,-0.11,2025-02-04 14:10:45,0.9214119599831554,7.88495575221239
0.9,0.24,-0.11,2025-02-04 14:10:45,0.9379232377972091,7.893805309734513
0.92,0.24,-0.11,2025-02-04 14:10:45,0.9571311299921239,7.902654867256637
0.93,0.24,-0.11,2025-02-04 14:10:45,0.9667471230885563,7.911504424778761
0.95,0.24,-0.1,2025-02-04 14:10:45,0.9849365461794988,7.920353982300885
0.98,0.26,-0.1,2025-02-04 14:10:45,1.0188228501560024,7.929203539823009
1.01,0.27,-0.09,2025-02-04 14:10:45,1.0493331215586401,7.938053097345133
1.04,0.27,-0.08,2025-02-04 14:10:45,1.0774506949276148,7.946902654867257
1.06,0.28,-0.07,2025-02-04 14:10:45,1.0985900054160334,7.95575221238938
1.07,0.29,-0.06,2025-02-04 14:10:45,1.1102252023801298,7.964601769911504
1.05,0.3,-0.05,2025-02-04 14:10:45,1.0931605554537724,7.9734513274336285
1.03,0.3,-0.03,2025-02-04 14:10:45,1.0732194556566703,7.982300884955752
1.0,0.3,-0.02,2025-02-04 14:10:45,1.044222198576529,7.991150442477876
1.0,0.3,-0.02,2025-02-04 14:10:46,1.044222198576529,8.0
1.01,0.31,-0.01,2025-02-04 14:10:46,1.0565509926170151,8.009708737864077
1.04,0.3,-0.01,2025-02-04 14:10:46,1.0824509226750192,8.019417475728156
1.07,0.3,-0.0,2025-02-04 14:10:46,1.1112605455067683,8.029126213592233
1.1,0.29,0.0,2025-02-04 14:10:46,1.13758516164725,8.03883495145631
1.13,0.28,0.01,2025-02-04 14:10:46,1.1642164747159351,8.048543689320388
1.16,0.28,0.03,2025-02-04 14:10:46,1.1936917525056459,8.058252427184467
1.17,0.27,0.05,2025-02-04 14:10:46,1.2017903311310172,8.067961165048544
1.13,0.27,0.06,2025-02-04 14:10:46,1.1633572108342303,8.077669902912621
1.05,0.23,0.08,2025-02-04 14:10:46,1.0778682665335315,8.087378640776699
0.95,0.21,0.1,2025-02-04 14:10:46,0.9780593029055038,8.097087378640778
0.85,0.19,0.09,2025-02-04 14:10:46,0.8756140702387096,8.106796116504855
0.76,0.18,0.09,2025-02-04 14:10:46,0.7861933604400383,8.116504854368932
0.68,0.17,0.08,2025-02-04 14:10:46,0.7054785609782909,8.12621359223301
0.64,0.19,0.09,2025-02-04 14:10:46,0.6736467917239717,8.135922330097088
0.64,0.21,0.09,2025-02-04 14:10:46,0.6795586803212803,8.145631067961165
0.67,0.23,0.08,2025-02-04 14:10:46,0.7128814768248646,8.155339805825243
0.73,0.25,0.09,2025-02-04 14:10:46,0.7768526243760782,8.16504854368932
0.8,0.25,0.09,2025-02-04 14:10:46,0.842970936628304,8.174757281553399
0.88,0.25,0.1,2025-02-04 14:10:46,0.9202716990106781,8.184466019417476
0.95,0.24,0.1,2025-02-04 14:10:46,0.9849365461794988,8.194174757281553
1.0,0.22,0.11,2025-02-04 14:10:46,1.029805806936434,8.20388349514563
1.03,0.23,0.12,2025-02-04 14:10:46,1.0621675950620975,8.21359223300971
1.02,0.22,0.13,2025-02-04 14:10:46,1.05152270541344,8.223300970873787
1.0,0.22,0.14,2025-02-04 14:10:46,1.0334408546211051,8.233009708737864
0.97,0.24,0.15,2025-02-04 14:10:46,1.0104454463255301,8.242718446601941
0.92,0.25,0.14,2025-02-04 14:10:46,0.9635870484808313,8.25242718446602
0.85,0.27,0.11,2025-02-04 14:10:46,0.8986100377805714,8.262135922330097
0.83,0.27,0.09,2025-02-04 14:10:46,0.8774394566008529,8.271844660194175
0.82,0.24,0.1,2025-02-04 14:10:46,0.8602325267042626,8.281553398058252
0.81,0.2,0.11,2025-02-04 14:10:46,0.84154619599877,8.29126213592233
0.83,0.31,0.17,2025-02-04 14:10:46,0.9021640649017229,8.300970873786408
0.86,0.42,0.19,2025-02-04 14:10:46,0.9757561170702441,8.310679611650485
0.81,0.3,0.14,2025-02-04 14:10:46,0.8750428560933459,8.320388349514563
0.8,0.24,0.13,2025-02-04 14:10:46,0.8452810183601664,8.330097087378642
0.82,0.24,0.15,2025-02-04 14:10:46,0.8674675786448736,8.339805825242719
0.83,0.24,0.14,2025-02-04 14:10:46,0.8752713864853574,8.349514563106796
0.84,0.25,0.1,2025-02-04 14:10:46,0.8820997676000146,8.359223300970873
0.87,0.25,0.06,2025-02-04 14:10:46,0.9071934744033381,8.368932038834952
0.9,0.22,0.06,2025-02-04 14:10:46,0.9284395510748129,8.37864077669903
0.93,0.26,0.06,2025-02-04 14:10:46,0.9675226095549396,8.388349514563107
0.94,0.29,0.03,2025-02-04 14:10:46,0.9841747812253675,8.398058252427184
0.92,0.25,0.0,2025-02-04 14:10:46,0.9533624704172071,8.407766990291263
0.89,0.26,-0.01,2025-02-04 14:10:46,0.9272540105062905,8.41747572815534
0.87,0.26,-0.03,2025-02-04 14:10:46,0.9085152722987104,8.427184466019417
0.85,0.26,-0.04,2025-02-04 14:10:46,0.8897752525216691,8.436893203883495
0.83,0.28,-0.04,2025-02-04 14:10:46,0.8768694315575153,8.446601941747574
0.81,0.27,-0.07,2025-02-04 14:10:46,0.8566796367370945,8.45631067961165
0.81,0.27,-0.07,2025-02-04 14:10:46,0.8566796367370945,8.466019417475728
0.82,0.29,-0.08,2025-02-04 14:10:46,0.8734414691323052,8.475728155339805
0.84,0.28,-0.08,2025-02-04 14:10:46,0.8890444308357147,8.485436893203884
0.9,0.29,-0.1,2025-02-04 14:10:46,0.9508417323613851,8.495145631067961
0.93,0.28,-0.1,2025-02-04 14:10:46,0.9763708311906907,8.504854368932039
0.97,0.29,-0.12,2025-02-04 14:10:46,1.0195096860746344,8.514563106796116
1.0,0.29,-0.13,2025-02-04 14:10:46,1.049285471165974,8.524271844660195
1.02,0.28,-0.14,2025-02-04 14:10:46,1.0669582934679311,8.533980582524272
1.04,0.28,-0.15,2025-02-04 14:10:46,1.0874281585465773,8.54368932038835
1.07,0.27,-0.17,2025-02-04 14:10:46,1.1165572085656874,8.553398058252426
1.11,0.26,-0.17,2025-02-04 14:10:46,1.1526491226735047,8.563106796116505
1.14,0.27,-0.18,2025-02-04 14:10:46,1.1852847759083045,8.572815533980583
1.16,0.27,-0.19,2025-02-04 14:10:46,1.2060679914499015,8.58252427184466
1.17,0.27,-0.19,2025-02-04 14:10:46,1.2156891049935423,8.592233009708737
1.15,0.28,-0.2,2025-02-04 14:10:46,1.2003749414245533,8.601941747572816
1.13,0.28,-0.2,2025-02-04 14:10:46,1.181228174401542,8.611650485436893
1.05,0.3,-0.2,2025-02-04 14:10:46,1.110180165558726,8.62135922330097
0.99,0.3,-0.2,2025-02-04 14:10:46,1.0536128321162381,8.631067961165048
0.94,0.3,-0.21,2025-02-04 14:10:46,1.008811181539935,8.640776699029127
0.9,0.29,-0.21,2025-02-04 14:10:46,0.968607247546703,8.650485436893204
0.89,0.28,-0.22,2025-02-04 14:10:46,0.9585927185202274,8.660194174757281
0.9,0.28,-0.23,2025-02-04 14:10:46,0.9702061636580135,8.669902912621358
0.92,0.27,-0.24,2025-02-04 14:10:46,0.9883825170448939,8.679611650485437
0.95,0.27,-0.25,2025-02-04 14:10:46,1.0187737727287645,8.689320388349515
0.99,0.26,-0.26,2025-02-04 14:10:46,1.0560776486603625,8.699029126213592
1.02,0.25,-0.27,2025-02-04 14:10:46,1.0843431191278894,8.70873786407767
1.05,0.24,-0.28,2025-02-04 14:10:46,1.1128791488746657,8.718446601941748
1.06,0.24,-0.29,2025-02-04 14:10:46,1.1248555462813883,8.728155339805825
1.06,0.23,-0.3,2025-02-04 14:10:46,1.1253888216967505,8.737864077669903
1.05,0.23,-0.31,2025-02-04 14:10:46,1.1187046080176841,8.74757281553398
1.03,0.22,-0.33,2025-02-04 14:10:46,1.1037209792334293,8.757281553398059
0.9,0.21,-0.31,2025-02-04 14:10:46,0.9747820269167872,8.766990291262136
0.86,0.24,-0.22,2025-02-04 14:10:46,0.9195651146058119,8.776699029126213
0.86,0.25,-0.22,2025-02-04 14:10:46,0.9222255689363638,8.78640776699029
0.88,0.26,-0.22,2025-02-04 14:10:46,0.943610088966836,8.79611650485437
0.89,0.27,-0.23,2025-02-04 14:10:46,0.958070978581441,8.805825242718447
0.9,0.3,-0.24,2025-02-04 14:10:46,0.9785703858180055,8.815533980582524
0.91,0.34,-0.27,2025-02-04 14:10:46,1.008265837961398,8.825242718446601
0.92,0.33,-0.28,2025-02-04 14:10:46,1.0167103815738285,8.83495145631068
0.93,0.32,-0.29,2025-02-04 14:10:46,1.0253779790886872,8.844660194174757
0.93,0.3,-0.31,2025-02-04 14:10:46,1.0251829105091443,8.854368932038835
0.93,0.29,-0.32,2025-02-04 14:10:46,1.0253779790886872,8.864077669902912
0.92,0.29,-0.32,2025-02-04 14:10:46,1.016316879718132,8.87378640776699
0.92,0.29,-0.31,2025-02-04 14:10:46,1.0132127121192271,8.883495145631068
0.92,0.3,-0.3,2025-02-04 14:10:46,1.0131140113531152,8.893203883495145
0.93,0.31,-0.29,2025-02-04 14:10:46,1.02230132544177,8.902912621359222
0.94,0.33,-0.27,2025-02-04 14:10:46,1.0321821544669332,8.912621359223301
0.94,0.34,-0.26,2025-02-04 14:10:46,1.0328601066940286,8.922330097087379
0.94,0.36,-0.25,2025-02-04 14:10:46,1.0371595827065379,8.932038834951456
0.94,0.37,-0.23,2025-02-04 14:10:46,1.0360501918343532,8.941747572815533
0.94,0.38,-0.22,2025-02-04 14:10:46,1.037496987947435,8.951456310679612
0.94,0.38,-0.21,2025-02-04 14:10:46,1.0354226190305098,8.96116504854369
0.94,0.39,-0.21,2025-02-04 14:10:46,1.0391342550411857,8.970873786407767
0.94,0.39,-0.21,2025-02-04 14:10:46,1.0391342550411857,8.980582524271844
0.94,0.39,-0.22,2025-02-04 14:10:46,1.0412012293500232,8.990291262135923
